date,close,logret,p_turbulent,state,hand_regime
2018-01-03,77995.0,0.001334,0.0,0,
2018-01-04,78647.0,0.008325,3.8e-05,0,
2018-01-05,79071.0,0.005377,4.2e-05,0,
2018-01-08,79379.0,0.003888,4.3e-05,0,
2018-01-09,78864.0,-0.006509,5.1e-05,0,
2018-01-10,78201.0,-0.008442,6e-05,0,
2018-01-11,79365.0,0.014775,7.1e-05,0,
2018-01-12,79349.0,-0.000202,4.7e-05,0,
2018-01-15,79752.0,0.005066,4.5e-05,0,
2018-01-16,79832.0,0.001003,4.9e-05,0,
2018-01-17,81189.0,0.016855,8.1e-05,0,
2018-01-18,80963.0,-0.002788,5.5e-05,0,
2018-01-19,81220.0,0.003169,6.7e-05,0,
2018-01-22,81675.0,0.005586,0.000161,0,
2018-01-23,80678.0,-0.012282,0.000615,0,
2018-01-24,83680.0,0.036534,0.001979,0,
2018-01-26,85531.0,0.021879,0.001014,0,
2018-01-29,84698.0,-0.009787,0.000303,0,
2018-01-30,84482.0,-0.002553,0.0001,0,
2018-01-31,84913.0,0.005089,7.1e-05,0,
2018-02-01,85495.0,0.006831,0.000118,0,
2018-02-02,84041.0,-0.017153,0.00037,0,
2018-02-05,81861.0,-0.026282,0.00076,0,
2018-02-06,83894.0,0.024531,0.000629,0,
2018-02-07,82767.0,-0.013525,0.000326,0,
2018-02-08,81533.0,-0.015022,0.000253,0,
2018-02-09,80899.0,-0.007806,0.000271,0,
2018-02-14,83543.0,0.03216,0.000662,0,
2018-02-15,84291.0,0.008914,0.000185,0,
2018-02-16,84525.0,0.002772,7e-05,0,
2018-02-19,84793.0,0.003166,4.9e-05,0,
2018-02-20,85804.0,0.011853,5.7e-05,0,
2018-02-21,86052.0,0.002886,4.5e-05,0,
2018-02-22,86686.0,0.007341,4.6e-05,0,
2018-02-23,87293.0,0.006978,4.6e-05,0,
2018-02-26,87653.0,0.004116,4.7e-05,0,
2018-02-27,86935.0,-0.008225,6.5e-05,0,
2018-02-28,85481.0,-0.016867,0.000101,0,
2018-03-01,85378.0,-0.001206,5.3e-05,0,
2018-03-02,85761.0,0.004476,4.4e-05,0,
2018-03-05,86023.0,0.00305,4.2e-05,0,
2018-03-06,85653.0,-0.00431,4.4e-05,0,
2018-03-07,85484.0,-0.001975,4.4e-05,0,
2018-03-08,84985.0,-0.005854,5.4e-05,0,
2018-03-09,86371.0,0.016177,7.8e-05,0,
2018-03-12,86900.0,0.006106,5.2e-05,0,
2018-03-13,86384.0,-0.005956,5e-05,0,
2018-03-14,86051.0,-0.003862,5.1e-05,0,
2018-03-15,84928.0,-0.013136,7.2e-05,0,
2018-03-16,84886.0,-0.000495,5.1e-05,0,
2018-03-19,83913.0,-0.011529,6.4e-05,0,
2018-03-20,84164.0,0.002987,4.7e-05,0,
2018-03-21,84977.0,0.009613,5e-05,0,
2018-03-22,84768.0,-0.002463,4.5e-05,0,
2018-03-23,84377.0,-0.004623,4.8e-05,0,
2018-03-26,85088.0,0.008391,5.8e-05,0,
2018-03-27,83808.0,-0.015158,8.8e-05,0,
2018-03-28,83874.0,0.000787,6e-05,0,
2018-03-29,85366.0,0.017632,9.2e-05,0,
2018-04-02,84666.0,-0.008234,6.3e-05,0,
2018-04-03,84623.0,-0.000508,4.6e-05,0,
2018-04-04,84360.0,-0.003113,4.6e-05,0,
2018-04-05,85210.0,0.010025,5.5e-05,0,
2018-04-06,84820.0,-0.004587,6.4e-05,0,
2018-04-09,83307.0,-0.017999,0.000125,0,
2018-04-10,84510.0,0.014337,9e-05,0,
2018-04-11,85246.0,0.008671,6e-05,0,
2018-04-12,85444.0,0.00232,5.6e-05,0,
2018-04-13,84334.0,-0.013076,9.9e-05,0,
2018-04-16,82862.0,-0.017609,0.000144,0,
2018-04-17,84086.0,0.014664,0.000119,0,
2018-04-18,85776.0,0.019899,0.00013,0,
2018-04-19,85824.0,0.000559,5.8e-05,0,
2018-04-20,85550.0,-0.003198,4.6e-05,0,
2018-04-23,85602.0,0.000608,4.2e-05,0,
2018-04-24,85469.0,-0.001555,4.3e-05,0,
2018-04-25,85044.0,-0.004985,5.1e-05,0,
2018-04-26,86383.0,0.015622,7.4e-05,0,
2018-04-27,86445.0,0.000717,5.1e-05,0,
2018-04-30,86115.0,-0.003825,6.4e-05,0,
2018-05-02,84547.0,-0.018376,0.000136,0,
2018-05-03,83288.0,-0.015003,0.000111,0,
2018-05-04,83118.0,-0.002043,5.7e-05,0,
2018-05-07,82714.0,-0.004872,5e-05,0,
2018-05-08,82956.0,0.002921,5.2e-05,0,
2018-05-09,84265.0,0.015656,9.2e-05,0,
2018-05-10,85861.0,0.018763,0.000114,0,
2018-05-11,85220.0,-0.007494,7.2e-05,0,
2018-05-14,85232.0,0.000141,7e-05,0,
2018-05-15,85130.0,-0.001197,0.000157,0,
2018-05-16,86537.0,0.016393,0.000618,0,
2018-05-17,83622.0,-0.034265,0.001774,0,
2018-05-18,83082.0,-0.006479,0.000745,0,
2018-05-21,81815.0,-0.015367,0.000681,0,
2018-05-22,82739.0,0.01123,0.000919,0,
2018-05-23,80867.0,-0.022885,0.002291,0,
2018-05-24,80122.0,-0.009255,0.003537,0,
2018-05-25,78898.0,-0.015395,0.008861,0,
2018-05-28,75356.0,-0.045932,0.021969,0,
2018-05-29,76072.0,0.009457,0.005327,0,
2018-05-30,76754.0,0.008925,0.001423,0,
2018-06-01,77240.0,0.006312,0.000554,0,
2018-06-04,78596.0,0.017403,0.000526,0,
2018-06-05,76642.0,-0.025176,0.00074,0,
2018-06-06,76117.0,-0.006874,0.000545,0,
2018-06-07,73851.0,-0.030222,0.000956,0,
2018-06-08,72942.0,-0.012385,0.000339,0,
2018-06-11,72308.0,-0.00873,0.000126,0,
2018-06-12,72754.0,0.006149,6.5e-05,0,
2018-06-13,72122.0,-0.008725,6.4e-05,0,
2018-06-14,71421.0,-0.009767,7e-05,0,
2018-06-15,70758.0,-0.009326,8.4e-05,0,
2018-06-18,69815.0,-0.013417,0.000141,0,
2018-06-19,71394.0,0.022365,0.000248,0,
2018-06-20,72123.0,0.010159,0.000241,0,
2018-06-21,70075.0,-0.028807,0.00055,0,
2018-06-22,70641.0,0.008045,0.000157,0,
2018-06-25,70953.0,0.004407,6.7e-05,0,
2018-06-26,71405.0,0.00635,5.6e-05,0,
2018-06-27,70609.0,-0.01121,7.6e-05,0,
2018-06-28,71767.0,0.016267,9.2e-05,0,
2018-06-29,72763.0,0.013783,7.6e-05,0,
2018-07-02,72840.0,0.001058,5.1e-05,0,
2018-07-03,73668.0,0.011303,6.1e-05,0,
2018-07-04,74743.0,0.014487,7e-05,0,
2018-07-05,74553.0,-0.002545,4.8e-05,0,
2018-07-06,75010.0,0.006111,4.5e-05,0,
2018-07-10,74862.0,-0.001975,4.6e-05,0,
2018-07-11,74399.0,-0.006204,6.1e-05,0,
2018-07-12,75856.0,0.019394,0.000108,0,
2018-07-13,76594.0,0.009682,6.7e-05,0,
2018-07-16,76653.0,0.00077,5.8e-05,0,
2018-07-17,78130.0,0.019085,0.000106,0,
2018-07-18,77363.0,-0.009865,7.3e-05,0,
2018-07-19,77487.0,0.001602,5.2e-05,0,
2018-07-20,78571.0,0.013892,6.9e-05,0,
2018-07-23,77996.0,-0.007345,6.3e-05,0,
2018-07-24,79155.0,0.01475,7.9e-05,0,
2018-07-25,80218.0,0.01334,7.5e-05,0,
2018-07-26,79405.0,-0.010187,6.6e-05,0,
2018-07-27,79866.0,0.005789,4.9e-05,0,
2018-07-30,80276.0,0.00512,5e-05,0,
2018-07-31,79220.0,-0.013242,7.2e-05,0,
2018-08-01,79302.0,0.001035,5.1e-05,0,
2018-08-02,79637.0,0.004215,6.3e-05,0,
2018-08-03,81435.0,0.022326,0.000144,0,
2018-08-06,81051.0,-0.004727,7.5e-05,0,
2018-08-07,80347.0,-0.008724,8.2e-05,0,
2018-08-08,79152.0,-0.014985,0.000135,0,
2018-08-09,78768.0,-0.004863,0.000185,0,
2018-08-10,76514.0,-0.029033,0.000575,0,
2018-08-13,77496.0,0.012753,0.000233,0,
2018-08-14,78602.0,0.014171,0.000157,0,
2018-08-15,77078.0,-0.019579,0.000175,0,
2018-08-16,76819.0,-0.003366,7.6e-05,0,
2018-08-17,76029.0,-0.010337,7.1e-05,0,
2018-08-20,76328.0,0.003925,6.8e-05,0,
2018-08-21,75180.0,-0.015155,0.000143,0,
2018-08-22,76902.0,0.022647,0.000225,0,
2018-08-23,75634.0,-0.016626,0.000173,0,
2018-08-24,76262.0,0.008269,0.000105,0,
2018-08-27,77930.0,0.021636,0.00016,0,
2018-08-28,77473.0,-0.005881,9.5e-05,0,
2018-08-29,78389.0,0.011754,0.000136,0,
2018-08-30,76404.0,-0.025649,0.000315,0,
2018-08-31,76678.0,0.00358,0.000106,0,
2018-09-03,76193.0,-0.006345,8.6e-05,0,
2018-09-04,74712.0,-0.019629,0.000148,0,
2018-09-05,75092.0,0.005073,7.9e-05,0,
2018-09-06,76416.0,0.017478,0.000106,0,
2018-09-10,76436.0,0.000262,9.2e-05,0,
2018-09-11,74657.0,-0.023549,0.000222,0,
2018-09-12,75125.0,0.006249,8.4e-05,0,
2018-09-13,74687.0,-0.005847,6.1e-05,0,
2018-09-14,75429.0,0.009886,7.1e-05,0,
2018-09-17,76789.0,0.01787,0.000119,0,
2018-09-18,78314.0,0.019665,0.000129,0,
2018-09-19,78169.0,-0.001853,6.2e-05,0,
2018-09-20,78116.0,-0.000678,5.9e-05,0,
2018-09-21,79444.0,0.016857,0.000111,0,
2018-09-24,77984.0,-0.018549,0.000143,0,
2018-09-25,78630.0,0.00825,7.5e-05,0,
2018-09-26,78656.0,0.000331,7.3e-05,0,
2018-09-27,80000.0,0.016943,0.000172,0,
2018-09-28,79342.0,-0.008259,0.000326,0,
2018-10-01,78624.0,-0.009091,0.001032,0,
2018-10-02,81612.0,0.037299,0.003783,0,
2018-10-03,83273.0,0.020148,0.00286,0,
2018-10-04,82953.0,-0.00385,0.002579,0,
2018-10-05,82322.0,-0.007636,0.004268,0,
2018-10-08,86084.0,0.044685,0.011844,0,
2018-10-09,86088.0,4.6e-05,0.005201,0,
2018-10-10,83679.0,-0.028382,0.004242,0,
2018-10-11,82921.0,-0.0091,0.001292,0,
2018-10-15,83360.0,0.00528,0.000563,0,
2018-10-16,85718.0,0.027894,0.000629,0,
2018-10-17,85764.0,0.000536,0.000245,0,
2018-10-18,83847.0,-0.022606,0.000292,0,
2018-10-19,84220.0,0.004439,0.00012,0,
2018-10-22,85597.0,0.016218,0.000143,0,
2018-10-23,85300.0,-0.003476,0.000195,0,
2018-10-24,83064.0,-0.026563,0.000628,0,
2018-10-25,84084.0,0.012205,0.000534,0,
2018-10-26,85720.0,0.01927,0.000941,0,
2018-10-29,83797.0,-0.022689,0.001779,0,
2018-10-30,86886.0,0.0362,0.002486,0,
2018-10-31,87424.0,0.006173,0.00059,0,
2018-11-01,88419.0,0.011317,0.000207,0,
2018-11-05,89598.0,0.013246,0.000119,0,
2018-11-06,88669.0,-0.010423,0.0001,0,
2018-11-07,87714.0,-0.010829,0.00013,0,
2018-11-08,85620.0,-0.024163,0.000257,0,
2018-11-09,85641.0,0.000245,8.5e-05,0,
2018-11-12,85525.0,-0.001355,5.7e-05,0,
2018-11-13,84914.0,-0.00717,7.5e-05,0,
2018-11-14,85973.0,0.012394,0.000149,0,
2018-11-16,88515.0,0.029139,0.000384,0,
2018-11-19,87901.0,-0.006961,0.00013,0,
2018-11-21,87269.0,-0.007216,7.2e-05,0,
2018-11-22,87477.0,0.002381,5.9e-05,0,
2018-11-23,86230.0,-0.014358,0.000104,0,
2018-11-26,85547.0,-0.007952,0.000129,0,
2018-11-27,87891.0,0.027031,0.000308,0,
2018-11-28,89251.0,0.015355,0.000148,0,
2018-11-29,89710.0,0.00513,6.4e-05,0,
2018-11-30,89504.0,-0.002299,4.7e-05,0,
2018-12-03,89820.0,0.003524,4.8e-05,0,
2018-12-04,88624.0,-0.013405,7.3e-05,0,
2018-12-05,89040.0,0.004683,5.1e-05,0,
2018-12-06,88846.0,-0.002181,5.7e-05,0,
2018-12-07,88115.0,-0.008262,0.000108,0,
2018-12-10,85915.0,-0.025284,0.000282,0,
2018-12-11,86420.0,0.005861,9.4e-05,0,
2018-12-12,86977.0,0.006425,5.7e-05,0,
2018-12-13,87838.0,0.00985,5.5e-05,0,
2018-12-14,87450.0,-0.004427,5.2e-05,0,
2018-12-17,86400.0,-0.01208,6.7e-05,0,
2018-12-18,86610.0,0.002428,5e-05,0,
2018-12-19,85674.0,-0.010866,6.2e-05,0,
2018-12-20,85269.0,-0.004738,5.2e-05,0,
2018-12-21,85697.0,0.005007,5.8e-05,0,
2018-12-26,85136.0,-0.006568,0.000113,0,
2018-12-27,85460.0,0.003798,0.000334,0,
2018-12-28,87887.0,0.028003,0.001474,0,
2019-01-02,91012.0,0.034939,0.001965,0,bull_2019
2019-01-03,91564.0,0.006047,0.000439,0,bull_2019
2019-01-04,91841.0,0.003021,0.00012,0,bull_2019
2019-01-07,91699.0,-0.001547,5.9e-05,0,bull_2019
2019-01-08,92032.0,0.003625,5.2e-05,0,bull_2019
2019-01-09,93613.0,0.017033,8.1e-05,0,bull_2019
2019-01-10,93806.0,0.00206,4.9e-05,0,bull_2019
2019-01-11,93658.0,-0.001579,4.4e-05,0,bull_2019
2019-01-14,94474.0,0.008675,4.8e-05,0,bull_2019
2019-01-15,94056.0,-0.004434,4.6e-05,0,bull_2019
2019-01-16,94393.0,0.003577,4.4e-05,0,bull_2019
2019-01-17,95351.0,0.010098,5.2e-05,0,bull_2019
2019-01-18,96097.0,0.007793,4.9e-05,0,bull_2019
2019-01-21,96010.0,-0.000906,4.7e-05,0,bull_2019
2019-01-22,95103.0,-0.009492,6.7e-05,0,bull_2019
2019-01-23,96558.0,0.015183,9.3e-05,0,bull_2019
2019-01-24,97677.0,0.011522,0.000111,0,bull_2019
2019-01-28,95444.0,-0.023126,0.000222,0,bull_2019
2019-01-29,95639.0,0.002041,8.3e-05,0,bull_2019
2019-01-30,96996.0,0.014089,7.6e-05,0,bull_2019
2019-01-31,97394.0,0.004095,5.3e-05,0,bull_2019
2019-02-01,97861.0,0.004783,6.8e-05,0,bull_2019
2019-02-04,98589.0,0.007412,0.000159,0,bull_2019
2019-02-05,98311.0,-0.002824,0.000574,0,bull_2019
2019-02-06,94636.0,-0.038098,0.002629,0,bull_2019
2019-02-07,94406.0,-0.002433,0.000595,0,bull_2019
2019-02-08,95343.0,0.009876,0.000198,0,bull_2019
2019-02-11,94413.0,-0.009802,0.000117,0,bull_2019
2019-02-12,96168.0,0.018418,0.000125,0,bull_2019
2019-02-13,95842.0,-0.003396,8.5e-05,0,bull_2019
2019-02-14,98015.0,0.02242,0.000154,0,bull_2019
2019-02-15,97526.0,-0.005002,7.5e-05,0,bull_2019
2019-02-18,96510.0,-0.010472,7.2e-05,0,bull_2019
2019-02-19,97659.0,0.011835,6.8e-05,0,bull_2019
2019-02-20,96545.0,-0.011473,6.9e-05,0,bull_2019
2019-02-21,96932.0,0.004,4.9e-05,0,bull_2019
2019-02-22,97886.0,0.009794,5.2e-05,0,bull_2019
2019-02-25,97240.0,-0.006621,5e-05,0,bull_2019
2019-02-26,97603.0,0.003726,4.6e-05,0,bull_2019
2019-02-27,97307.0,-0.003037,5.8e-05,0,bull_2019
2019-02-28,95584.0,-0.017865,0.000116,0,bull_2019
2019-03-01,94604.0,-0.010306,7.7e-05,0,bull_2019
2019-03-06,94217.0,-0.004099,5.4e-05,0,bull_2019
2019-03-07,94340.0,0.001305,5.6e-05,0,bull_2019
2019-03-08,95365.0,0.010806,0.00011,0,bull_2019
2019-03-11,98027.0,0.027531,0.000285,0,bull_2019
2019-03-12,97828.0,-0.002032,9.4e-05,0,bull_2019
2019-03-13,98904.0,0.010939,6.5e-05,0,bull_2019
2019-03-14,98605.0,-0.003028,4.8e-05,0,bull_2019
2019-03-15,99137.0,0.005381,4.8e-05,0,bull_2019
2019-03-18,99994.0,0.008607,6.2e-05,0,bull_2019
2019-03-19,99588.0,-0.004069,0.000108,0,bull_2019
2019-03-20,98041.0,-0.015656,0.000339,0,bull_2019
2019-03-21,96729.0,-0.013473,0.00078,0,bull_2019
2019-03-22,93735.0,-0.031442,0.002055,0,bull_2019
2019-03-25,93662.0,-0.000779,0.001626,0,bull_2019
2019-03-26,95307.0,0.017411,0.002666,0,bull_2019
2019-03-27,91903.0,-0.03637,0.005427,0,bull_2019
2019-03-28,94389.0,0.026691,0.003466,0,bull_2019
2019-03-29,95415.0,0.010811,0.000886,0,bull_2019
2019-04-01,96054.0,0.006675,0.000232,0,bull_2019
2019-04-02,95387.0,-0.006968,0.000101,0,bull_2019
2019-04-03,94491.0,-0.009438,8.6e-05,0,bull_2019
2019-04-04,96313.0,0.019099,0.000112,0,bull_2019
2019-04-05,97108.0,0.00822,6.3e-05,0,bull_2019
2019-04-08,97369.0,0.002684,5e-05,0,bull_2019
2019-04-09,96292.0,-0.011123,6.5e-05,0,bull_2019
2019-04-10,95953.0,-0.003527,6e-05,0,bull_2019
2019-04-11,94755.0,-0.012564,0.000101,0,bull_2019
2019-04-12,92875.0,-0.02004,0.000156,0,bull_2019
2019-04-15,93083.0,0.002237,7e-05,0,bull_2019
2019-04-16,94333.0,0.01334,7.5e-05,0,bull_2019
2019-04-17,93285.0,-0.011172,7.5e-05,0,bull_2019
2019-04-18,94578.0,0.013766,7.2e-05,0,bull_2019
2019-04-22,94588.0,0.000106,5.2e-05,0,bull_2019
2019-04-23,95923.0,0.014015,7.1e-05,0,bull_2019
2019-04-24,95045.0,-0.009195,6.9e-05,0,bull_2019
2019-04-25,96552.0,0.015731,7.9e-05,0,bull_2019
2019-04-26,96236.0,-0.003278,5e-05,0,bull_2019
2019-04-29,96188.0,-0.000499,4.3e-05,0,bull_2019
2019-04-30,96353.0,0.001714,4.3e-05,0,bull_2019
2019-05-02,95528.0,-0.008599,5.3e-05,0,bull_2019
2019-05-03,96008.0,0.005012,4.8e-05,0,bull_2019
2019-05-06,95009.0,-0.01046,6.2e-05,0,bull_2019
2019-05-07,94389.0,-0.006547,5.7e-05,0,bull_2019
2019-05-08,95597.0,0.012717,6.9e-05,0,bull_2019
2019-05-09,94808.0,-0.008288,7.6e-05,0,bull_2019
2019-05-10,94258.0,-0.005818,0.000125,0,bull_2019
2019-05-13,91727.0,-0.027219,0.000374,0,bull_2019
2019-05-14,92092.0,0.003971,0.000117,0,bull_2019
2019-05-15,91623.0,-0.005106,8.2e-05,0,bull_2019
2019-05-16,90024.0,-0.017606,0.000135,0,bull_2019
2019-05-17,89993.0,-0.000344,0.00011,0,bull_2019
2019-05-20,91946.0,0.02147,0.000269,0,bull_2019
2019-05-21,94485.0,0.02724,0.000369,0,bull_2019
2019-05-22,94361.0,-0.001313,0.000108,0,bull_2019
2019-05-23,93910.0,-0.004791,6e-05,0,bull_2019
2019-05-24,93628.0,-0.003007,5.2e-05,0,bull_2019
2019-05-27,94864.0,0.013115,7e-05,0,bull_2019
2019-05-28,96393.0,0.015989,8.1e-05,0,bull_2019
2019-05-29,96567.0,0.001803,5e-05,0,bull_2019
2019-05-30,97457.0,0.009174,5e-05,0,bull_2019
2019-05-31,97030.0,-0.004391,4.6e-05,0,bull_2019
2019-06-03,97020.0,-0.000103,4.3e-05,0,bull_2019
2019-06-04,97380.0,0.003704,4.9e-05,0,bull_2019
2019-06-05,95999.0,-0.014283,8.3e-05,0,bull_2019
2019-06-06,97205.0,0.012484,6.8e-05,0,bull_2019
2019-06-07,97821.0,0.006317,5.1e-05,0,bull_2019
2019-06-10,97467.0,-0.003625,5.1e-05,0,bull_2019
2019-06-11,98960.0,0.015202,7.2e-05,0,bull_2019
2019-06-12,98321.0,-0.006478,5.4e-05,0,bull_2019
2019-06-13,98774.0,0.004597,4.7e-05,0,bull_2019
2019-06-14,98040.0,-0.007459,5.3e-05,0,bull_2019
2019-06-17,97623.0,-0.004262,5.7e-05,0,bull_2019
2019-06-18,99404.0,0.018079,9.7e-05,0,bull_2019
2019-06-19,100303.0,0.009003,7.2e-05,0,bull_2019
2019-06-21,102013.0,0.016905,9.3e-05,0,bull_2019
2019-06-24,102062.0,0.00048,7e-05,0,bull_2019
2019-06-25,100093.0,-0.019481,0.000133,0,bull_2019
2019-06-26,100689.0,0.005937,6.1e-05,0,bull_2019
2019-06-27,100724.0,0.000348,4.4e-05,0,bull_2019
2019-06-28,100967.0,0.00241,4.2e-05,0,bull_2019
2019-07-01,101340.0,0.003687,4.4e-05,0,bull_2019
2019-07-02,100605.0,-0.007279,5.6e-05,0,bull_2019
2019-07-03,102043.0,0.014192,7.6e-05,0,bull_2019
2019-07-04,103636.0,0.01549,8e-05,0,bull_2019
2019-07-05,104089.0,0.004362,5e-05,0,bull_2019
2019-07-08,104530.0,0.004228,4.7e-05,0,bull_2019
2019-07-10,105817.0,0.012237,6e-05,0,bull_2019
2019-07-11,105146.0,-0.006361,5.6e-05,0,bull_2019
2019-07-12,103906.0,-0.011863,6.6e-05,0,bull_2019
2019-07-15,103803.0,-0.000992,4.6e-05,0,bull_2019
2019-07-16,103775.0,-0.00027,4.2e-05,0,bull_2019
2019-07-17,103856.0,0.00078,4.2e-05,0,bull_2019
2019-07-18,104717.0,0.008256,5.2e-05,0,bull_2019
2019-07-19,103452.0,-0.012154,6.7e-05,0,bull_2019
2019-07-22,103949.0,0.004793,4.7e-05,0,bull_2019
2019-07-23,103704.0,-0.00236,4.4e-05,0,bull_2019
2019-07-24,104120.0,0.004003,4.9e-05,0,bull_2019
2019-07-25,102655.0,-0.01417,7.6e-05,0,bull_2019
2019-07-26,102819.0,0.001596,4.8e-05,0,bull_2019
2019-07-29,103483.0,0.006437,4.7e-05,0,bull_2019
2019-07-30,102933.0,-0.005329,5.1e-05,0,bull_2019
2019-07-31,101812.0,-0.01095,6.5e-05,0,bull_2019
2019-08-01,102126.0,0.003079,5.9e-05,0,bull_2019
2019-08-02,102674.0,0.005352,0.00011,0,bull_2019
2019-08-05,100098.0,-0.025409,0.000369,0,bull_2019
2019-08-06,102164.0,0.02043,0.000243,0,bull_2019
2019-08-07,102782.0,0.006031,9.5e-05,0,bull_2019
2019-08-08,104115.0,0.012886,8.5e-05,0,bull_2019
2019-08-09,103996.0,-0.001144,9.6e-05,0,bull_2019
2019-08-12,101915.0,-0.020213,0.000268,0,bull_2019
2019-08-13,103299.0,0.013489,0.000337,0,bull_2019
2019-08-14,100258.0,-0.029881,0.000749,0,bull_2019
2019-08-15,99057.0,-0.012051,0.000266,0,bull_2019
2019-08-16,99806.0,0.007533,9.5e-05,0,bull_2019
2019-08-19,99469.0,-0.003382,5.9e-05,0,bull_2019
2019-08-20,99222.0,-0.002486,6.6e-05,0,bull_2019
2019-08-21,101202.0,0.019759,0.000148,0,bull_2019
2019-08-22,100011.0,-0.011838,0.000164,0,bull_2019
2019-08-23,97667.0,-0.023716,0.000294,0,bull_2019
2019-08-26,96430.0,-0.012746,0.000147,0,bull_2019
2019-08-27,97276.0,0.008735,8.1e-05,0,bull_2019
2019-08-28,98194.0,0.009393,8.6e-05,0,bull_2019
2019-08-29,100524.0,0.023451,0.000169,0,bull_2019
2019-08-30,101135.0,0.00606,7.2e-05,0,bull_2019
2019-09-02,100626.0,-0.005046,5.6e-05,0,bull_2019
2019-09-03,99681.0,-0.009436,6.5e-05,0,bull_2019
2019-09-04,101201.0,0.015134,7.8e-05,0,bull_2019
2019-09-05,102243.0,0.010244,5.9e-05,0,bull_2019
2019-09-06,102935.0,0.006745,4.8e-05,0,bull_2019
2019-09-09,103181.0,0.002387,4.2e-05,0,bull_2019
2019-09-10,103032.0,-0.001445,4.2e-05,0,bull_2019
2019-09-11,103446.0,0.00401,4.3e-05,0,bull_2019
2019-09-12,104371.0,0.008902,5e-05,0,bull_2019
2019-09-13,103501.0,-0.008371,5.3e-05,0,bull_2019
2019-09-16,103680.0,0.001728,4.4e-05,0,bull_2019
2019-09-17,104617.0,0.008997,4.8e-05,0,bull_2019
2019-09-18,104532.0,-0.000813,4.2e-05,0,bull_2019
2019-09-19,104339.0,-0.001848,4.2e-05,0,bull_2019
2019-09-20,104817.0,0.004571,4.2e-05,0,bull_2019
2019-09-23,104638.0,-0.001709,4.3e-05,0,bull_2019
2019-09-24,103876.0,-0.007309,5e-05,0,bull_2019
2019-09-25,104481.0,0.005807,4.6e-05,0,bull_2019
2019-09-26,105319.0,0.007989,4.8e-05,0,bull_2019
2019-09-27,105078.0,-0.002291,4.8e-05,0,bull_2019
2019-09-30,104745.0,-0.003174,6.7e-05,0,bull_2019
2019-10-01,104053.0,-0.006628,0.000158,0,bull_2019
2019-10-02,101031.0,-0.029473,0.000538,0,bull_2019
2019-10-03,101516.0,0.004789,0.00016,0,bull_2019
2019-10-04,102551.0,0.010144,0.000107,0,bull_2019
2019-10-07,100573.0,-0.019476,0.000153,0,bull_2019
2019-10-08,99981.0,-0.005904,7.6e-05,0,bull_2019
2019-10-09,101249.0,0.012603,7e-05,0,bull_2019
2019-10-10,101817.0,0.005594,6.2e-05,0,bull_2019
2019-10-11,103832.0,0.019597,0.000105,0,bull_2019
2019-10-14,104302.0,0.004516,5.5e-05,0,bull_2019
2019-10-15,104490.0,0.001801,4.4e-05,0,bull_2019
2019-10-16,105423.0,0.008889,4.9e-05,0,bull_2019
2019-10-17,105016.0,-0.003868,4.6e-05,0,bull_2019
2019-10-18,104729.0,-0.002737,4.7e-05,0,bull_2019
2019-10-21,106022.0,0.012271,6.2e-05,0,bull_2019
2019-10-22,107381.0,0.012737,6.3e-05,0,bull_2019
2019-10-23,107544.0,0.001517,4.5e-05,0,bull_2019
2019-10-24,106986.0,-0.005202,4.6e-05,0,bull_2019
2019-10-25,107364.0,0.003527,4.3e-05,0,bull_2019
2019-10-28,108187.0,0.007636,4.7e-05,0,bull_2019
2019-10-29,107556.0,-0.00585,4.9e-05,0,bull_2019
2019-10-30,108408.0,0.00789,5.2e-05,0,bull_2019
2019-10-31,107220.0,-0.011019,6.4e-05,0,bull_2019
2019-11-01,108196.0,0.009062,5.3e-05,0,bull_2019
2019-11-04,108601.0,0.003736,4.4e-05,0,bull_2019
2019-11-05,108451.0,-0.001382,4.3e-05,0,bull_2019
2019-11-06,108336.0,-0.001061,4.7e-05,0,bull_2019
2019-11-07,109581.0,0.011426,7.2e-05,0,bull_2019
2019-11-08,107629.0,-0.017974,0.000119,0,bull_2019
2019-11-11,108215.0,0.00543,6.7e-05,0,bull_2019
2019-11-12,106785.0,-0.013303,8e-05,0,bull_2019
2019-11-13,105914.0,-0.00819,6e-05,0,bull_2019
2019-11-14,106557.0,0.006053,4.8e-05,0,bull_2019
2019-11-18,106347.0,-0.001973,4.6e-05,0,bull_2019
2019-11-19,105618.0,-0.006879,6e-05,0,bull_2019
2019-11-21,107497.0,0.017634,9.3e-05,0,bull_2019
2019-11-22,108692.0,0.011055,6.6e-05,0,bull_2019
2019-11-25,108424.0,-0.002469,5.2e-05,0,bull_2019
2019-11-26,107059.0,-0.012669,7e-05,0,bull_2019
2019-11-27,107708.0,0.006044,4.9e-05,0,bull_2019
2019-11-28,108290.0,0.005389,4.4e-05,0,bull_2019
2019-11-29,108233.0,-0.000527,4.2e-05,0,bull_2019
2019-12-02,109061.0,0.007621,4.6e-05,0,bull_2019
2019-12-03,108956.0,-0.000963,4.5e-05,0,bull_2019
2019-12-04,110301.0,0.012269,5.7e-05,0,bull_2019
2019-12-05,110622.0,0.002906,4.4e-05,0,bull_2019
2019-12-06,111126.0,0.004546,4.2e-05,0,bull_2019
2019-12-09,110977.0,-0.001342,4.1e-05,0,bull_2019
2019-12-10,110672.0,-0.002752,4.2e-05,0,bull_2019
2019-12-11,110964.0,0.002635,4.3e-05,0,bull_2019
2019-12-12,112200.0,0.011077,5.3e-05,0,bull_2019
2019-12-13,112565.0,0.003248,4.5e-05,0,bull_2019
2019-12-16,111896.0,-0.005961,4.8e-05,0,bull_2019
2019-12-17,112616.0,0.006414,5.1e-05,0,bull_2019
2019-12-18,114315.0,0.014974,7e-05,0,bull_2019
2019-12-19,115131.0,0.007113,5.1e-05,0,bull_2019
2019-12-20,115121.0,-8.7e-05,4.3e-05,0,bull_2019
2019-12-23,115863.0,0.006425,4.7e-05,0,bull_2019
2019-12-26,117203.0,0.011499,5.7e-05,0,bull_2019
2019-12-27,116534.0,-0.005724,5.5e-05,0,bull_2019
2019-12-30,115964.0,-0.004903,6.8e-05,0,bull_2019
2020-01-02,118573.0,0.022249,0.000145,0,
2020-01-03,117707.0,-0.00733,7.4e-05,0,
2020-01-06,116878.0,-0.007068,5.6e-05,0,
2020-01-07,116662.0,-0.00185,4.5e-05,0,
2020-01-08,116247.0,-0.003564,4.4e-05,0,
2020-01-09,115947.0,-0.002584,4.4e-05,0,
2020-01-10,115503.0,-0.003837,5e-05,0,
2020-01-13,117325.0,0.015651,7.3e-05,0,
2020-01-14,117632.0,0.002613,5.1e-05,0,
2020-01-15,116414.0,-0.010408,6.1e-05,0,
2020-01-16,116704.0,0.002488,5.1e-05,0,
2020-01-17,118478.0,0.015086,7.3e-05,0,
2020-01-20,118862.0,0.003236,6e-05,0,
2020-01-21,117026.0,-0.015567,0.000103,0,
2020-01-22,118391.0,0.011597,9.4e-05,0,
2020-01-23,119528.0,0.009558,0.000144,0,
2020-01-24,118376.0,-0.009685,0.000401,0,
2020-01-27,114482.0,-0.033448,0.001351,0,
2020-01-28,116479.0,0.017293,0.000538,0,
2020-01-29,115385.0,-0.009437,0.000182,0,
2020-01-30,115528.0,0.001239,8.1e-05,0,
2020-01-31,113761.0,-0.015413,9.7e-05,0,
2020-02-03,114629.0,0.007601,5.8e-05,0,crisis_2020
2020-02-04,115557.0,0.008063,5e-05,0,crisis_2020
2020-02-05,116028.0,0.004068,4.7e-05,0,crisis_2020
2020-02-06,115190.0,-0.007249,6e-05,0,crisis_2020
2020-02-07,113770.0,-0.012404,9e-05,0,crisis_2020
2020-02-10,112570.0,-0.010604,0.000121,0,crisis_2020
2020-02-11,115371.0,0.024578,0.00024,0,crisis_2020
2020-02-12,116674.0,0.011231,0.000145,0,crisis_2020
2020-02-13,115662.0,-0.008712,0.000193,0,crisis_2020
2020-02-14,114381.0,-0.011137,0.000496,0,crisis_2020
2020-02-17,115309.0,0.008081,0.001526,0,crisis_2020
2020-02-18,114977.0,-0.002883,0.00624,0,crisis_2020
2020-02-19,116518.0,0.013314,0.029491,0,crisis_2020
2020-02-20,114586.0,-0.01672,0.109283,0,crisis_2020
2020-02-21,113681.0,-0.007929,0.283062,0,crisis_2020
2020-02-26,105718.0,-0.072621,0.999913,1,crisis_2020
2020-02-27,102984.0,-0.026202,0.992462,1,crisis_2020
2020-02-28,104172.0,0.01147,0.981809,1,crisis_2020
2020-03-02,106625.0,0.023275,0.979992,1,crisis_2020
2020-03-03,105537.0,-0.010256,0.97949,1,crisis_2020
2020-03-04,107224.0,0.015859,0.984406,1,crisis_2020
2020-03-05,102233.0,-0.047666,0.999867,1,crisis_2020
2020-03-06,97997.0,-0.042318,0.999992,1,crisis_2020
2020-03-09,86067.0,-0.129811,1.0,1,crisis_2020
2020-03-10,92214.0,0.068986,1.0,1,crisis_2020
2020-03-11,85171.0,-0.079451,1.0,1,crisis_2020
2020-03-12,72583.0,-0.15993,1.0,1,crisis_2020
2020-03-13,82678.0,0.130223,1.0,1,crisis_2020
2020-03-16,71168.0,-0.14991,1.0,1,crisis_2020
2020-03-17,74617.0,0.047325,0.999998,1,crisis_2020
2020-03-18,66895.0,-0.109244,1.0,1,crisis_2020
2020-03-19,68332.0,0.021254,0.999363,1,crisis_2020
2020-03-20,67069.0,-0.018656,0.999353,1,crisis_2020
2020-03-23,63570.0,-0.05358,0.999999,1,crisis_2020
2020-03-24,69729.0,0.092475,1.0,1,crisis_2020
2020-03-25,74956.0,0.072285,1.0,1,crisis_2020
2020-03-26,77710.0,0.036083,0.999975,1,crisis_2020
2020-03-27,73429.0,-0.056665,0.999999,1,crisis_2020
2020-03-30,74640.0,0.016358,0.998422,1,crisis_2020
2020-03-31,73020.0,-0.021943,0.998343,1,crisis_2020
2020-04-01,70967.0,-0.028518,0.998723,1,crisis_2020
2020-04-02,72253.0,0.017959,0.998733,1,crisis_2020
2020-04-03,69538.0,-0.0383,0.999886,1,crisis_2020
2020-04-06,74073.0,0.063178,0.999968,1,crisis_2020
2020-04-07,76358.0,0.030382,0.881218,1,crisis_2020
2020-04-08,78625.0,0.029257,0.646665,1,crisis_2020
2020-04-09,77682.0,-0.012066,0.25738,0,crisis_2020
2020-04-13,78836.0,0.014746,0.136479,0,crisis_2020
2020-04-14,79918.0,0.013631,0.097791,0,crisis_2020
2020-04-15,78831.0,-0.013695,0.087064,0,crisis_2020
2020-04-16,77812.0,-0.013011,0.085393,0,crisis_2020
2020-04-17,78990.0,0.015026,0.09124,0,crisis_2020
2020-04-20,78973.0,-0.000215,0.112717,0,crisis_2020
2020-04-22,80687.0,0.021471,0.22494,0,crisis_2020
2020-04-23,79673.0,-0.012647,0.41277,0,crisis_2020
2020-04-24,75331.0,-0.056039,0.992422,1,crisis_2020
2020-04-27,78239.0,0.037877,0.990702,1,crisis_2020
2020-04-28,81312.0,0.038525,0.974642,1,crisis_2020
2020-04-29,83171.0,0.022605,0.836273,1,crisis_2020
2020-04-30,80506.0,-0.032567,0.742521,1,crisis_2020
2020-05-04,78876.0,-0.020455,0.351211,0,crisis_2020
2020-05-05,79471.0,0.007515,0.083909,0,crisis_2020
2020-05-06,79064.0,-0.005135,0.025811,0,crisis_2020
2020-05-07,78119.0,-0.012024,0.013355,0,crisis_2020
2020-05-08,80263.0,0.027075,0.009727,0,crisis_2020
2020-05-11,79065.0,-0.015038,0.004945,0,crisis_2020
2020-05-12,77872.0,-0.015204,0.00316,0,crisis_2020
2020-05-13,77772.0,-0.001285,0.00268,0,crisis_2020
2020-05-14,79011.0,0.015806,0.004199,0,crisis_2020
2020-05-15,77557.0,-0.018574,0.008859,0,crisis_2020
2020-05-18,81194.0,0.045828,0.01721,0,crisis_2020
2020-05-19,80742.0,-0.005582,0.005737,0,crisis_2020
2020-05-20,81319.0,0.007121,0.003341,0,crisis_2020
2020-05-21,83027.0,0.020786,0.003398,0,crisis_2020
2020-05-22,82173.0,-0.010339,0.004016,0,crisis_2020
2020-05-25,85663.0,0.041594,0.007391,0,crisis_2020
2020-05-26,85469.0,-0.002267,0.002927,0,crisis_2020
2020-05-27,87946.0,0.028569,0.00227,0,crisis_2020
2020-05-28,86949.0,-0.011401,0.000722,0,crisis_2020
2020-05-29,87403.0,0.005208,0.00026,0,crisis_2020
2020-06-01,88620.0,0.013828,0.000258,0,
2020-06-02,91046.0,0.027007,0.000473,0,
2020-06-03,93002.0,0.021256,0.000334,0,
2020-06-04,93829.0,0.008853,0.00017,0,
2020-06-05,94637.0,0.008575,0.000231,0,
2020-06-08,97645.0,0.03129,0.000681,0,
2020-06-09,96747.0,-0.009239,0.000349,0,
2020-06-10,94686.0,-0.021533,0.0004,0,
2020-06-12,92795.0,-0.020173,0.000302,0,
2020-06-15,92376.0,-0.004526,0.000114,0,
2020-06-16,93531.0,0.012426,0.000101,0,
2020-06-17,95547.0,0.021325,0.000143,0,
2020-06-18,96125.0,0.006031,6.6e-05,0,
2020-06-19,96572.0,0.004639,5.4e-05,0,
2020-06-22,95336.0,-0.012881,7.9e-05,0,
2020-06-23,95975.0,0.00668,7.6e-05,0,
2020-06-24,94377.0,-0.01679,0.000156,0,
2020-06-25,95983.0,0.016874,0.000203,0,
2020-06-26,93834.0,-0.022644,0.000321,0,
2020-06-29,95735.0,0.020057,0.000219,0,
2020-06-30,95056.0,-0.007118,9.4e-05,0,
2020-07-01,96203.0,0.011994,6.9e-05,0,
2020-07-02,96235.0,0.000333,5.1e-05,0,
2020-07-03,96765.0,0.005492,6.9e-05,0,
2020-07-06,98937.0,0.022198,0.000166,0,
2020-07-07,97761.0,-0.011958,0.000126,0,
2020-07-08,99770.0,0.020342,0.000143,0,
2020-07-09,99160.0,-0.006133,7.4e-05,0,
2020-07-10,100032.0,0.008755,6.6e-05,0,
2020-07-13,98697.0,-0.013436,9.7e-05,0,
2020-07-14,100440.0,0.017506,0.000115,0,
2020-07-15,101791.0,0.013361,0.000101,0,
2020-07-16,100553.0,-0.012237,0.000123,0,
2020-07-17,102888.0,0.022956,0.000194,0,
2020-07-20,104426.0,0.014838,0.000111,0,
2020-07-21,104310.0,-0.001111,5.9e-05,0,
2020-07-22,104290.0,-0.000192,6.2e-05,0,
2020-07-23,102293.0,-0.019334,0.000134,0,
2020-07-24,102382.0,0.00087,7.7e-05,0,
2020-07-27,104477.0,0.020256,0.000122,0,
2020-07-28,104109.0,-0.003529,6.7e-05,0,
2020-07-29,105605.0,0.014267,7.9e-05,0,
2020-07-30,105009.0,-0.00566,7.8e-05,0,
2020-07-31,102912.0,-0.020172,0.000152,0,
2020-08-03,102830.0,-0.000797,7.9e-05,0,
2020-08-04,101216.0,-0.01582,0.000114,0,
2020-08-05,102802.0,0.015548,0.000101,0,
2020-08-06,104126.0,0.012797,8.3e-05,0,
2020-08-07,102776.0,-0.01305,8.3e-05,0,
2020-08-10,103444.0,0.006479,5.9e-05,0,
2020-08-11,102174.0,-0.012353,7.3e-05,0,
2020-08-12,102118.0,-0.000548,6.1e-05,0,
2020-08-13,100461.0,-0.016359,0.000111,0,
2020-08-14,101353.0,0.00884,9.9e-05,0,
2020-08-17,99595.0,-0.017498,0.000196,0,
2020-08-18,102065.0,0.024498,0.000264,0,
2020-08-19,100854.0,-0.011936,0.000126,0,
2020-08-20,101468.0,0.00607,6.1e-05,0,
2020-08-21,101521.0,0.000522,4.6e-05,0,
2020-08-24,102298.0,0.007624,4.9e-05,0,
2020-08-25,102118.0,-0.001761,5.4e-05,0,
2020-08-26,100627.0,-0.014708,0.0001,0,
2020-08-27,100624.0,-3e-05,0.000112,0,
2020-08-28,102143.0,0.014983,0.000328,0,
2020-08-31,99369.0,-0.027534,0.000915,0,
2020-09-01,102168.0,0.027778,0.000804,0,
2020-09-02,101911.0,-0.002519,0.000214,0,
2020-09-03,100721.0,-0.011746,0.000114,0,
2020-09-04,101242.0,0.005159,6.8e-05,0,
2020-09-08,100050.0,-0.011844,9.2e-05,0,
2020-09-09,101292.0,0.012337,0.000131,0,
2020-09-10,98835.0,-0.024556,0.000285,0,
2020-09-11,98363.0,-0.004787,0.000118,0,
2020-09-14,100275.0,0.019252,0.000123,0,
2020-09-15,100298.0,0.000229,5.9e-05,0,
2020-09-16,99676.0,-0.006221,5.4e-05,0,
2020-09-17,100098.0,0.004225,6.1e-05,0,
2020-09-18,98290.0,-0.018227,0.00013,0,
2020-09-21,96991.0,-0.013304,0.0001,0,
2020-09-22,97294.0,0.003119,6.7e-05,0,
2020-09-23,95735.0,-0.016153,0.000109,0,
2020-09-24,97012.0,0.013251,9.1e-05,0,
2020-09-25,96999.0,-0.000134,9.7e-05,0,
2020-09-28,94666.0,-0.024346,0.000269,0,
2020-09-29,93580.0,-0.011538,0.000132,0,
2020-09-30,94603.0,0.010873,8.1e-05,0,
2020-10-01,95479.0,0.009217,7.7e-05,0,
2020-10-02,94016.0,-0.015441,0.000131,0,
2020-10-05,96089.0,0.02181,0.000166,0,
2020-10-06,95615.0,-0.004945,7.9e-05,0,
2020-10-07,95526.0,-0.000931,7.9e-05,0,
2020-10-08,97920.0,0.024752,0.000192,0,
2020-10-09,97483.0,-0.004473,7.9e-05,0,
2020-10-13,98503.0,0.010409,6.1e-05,0,
2020-10-14,99334.0,0.008401,5.1e-05,0,
2020-10-15,99054.0,-0.002823,4.6e-05,0,
2020-10-16,98309.0,-0.00755,5.3e-05,0,
2020-10-19,98658.0,0.003544,5.6e-05,0,
2020-10-20,100540.0,0.018896,0.000105,0,
2020-10-21,100552.0,0.000119,7.8e-05,0,
2020-10-22,101918.0,0.013494,0.000156,0,
2020-10-23,101260.0,-0.006477,0.000375,0,
2020-10-26,101017.0,-0.002403,0.001393,0,
2020-10-27,99606.0,-0.014066,0.006493,0,
2020-10-28,95369.0,-0.043469,0.020478,0,
2020-10-29,96582.0,0.012639,0.012735,0,
2020-10-30,93952.0,-0.027608,0.011095,0,
2020-11-03,95587.0,0.017253,0.007001,0,
2020-11-04,97811.0,0.023,0.005653,0,
2020-11-05,100774.0,0.029843,0.004745,0,
2020-11-06,100799.0,0.000248,0.002182,0,
2020-11-09,103913.0,0.030426,0.002035,0,
2020-11-10,105351.0,0.013744,0.000752,0,
2020-11-11,104532.0,-0.007804,0.0004,0,
2020-11-12,102175.0,-0.022806,0.00051,0,
2020-11-13,104512.0,0.022615,0.000402,0,
2020-11-16,106430.0,0.018186,0.000215,0,
2020-11-17,107229.0,0.007479,8.5e-05,0,
2020-11-18,106483.0,-0.006981,5.9e-05,0,
2020-11-19,106517.0,0.000319,4.9e-05,0,
2020-11-23,107379.0,0.00806,6.7e-05,0,
2020-11-24,109786.0,0.022168,0.000137,0,
2020-11-25,110133.0,0.003156,6e-05,0,
2020-11-26,110227.0,0.000853,4.7e-05,0,
2020-11-27,110575.0,0.003152,5.8e-05,0,
2020-11-30,108888.0,-0.015374,0.000123,0,
2020-12-01,111335.0,0.022224,0.000164,0,
2020-12-02,111814.0,0.004293,6.9e-05,0,
2020-12-03,112919.0,0.009834,5.6e-05,0,
2020-12-04,113682.0,0.006734,4.7e-05,0,
2020-12-07,113625.0,-0.000502,4.3e-05,0,
2020-12-08,113571.0,-0.000475,4.5e-05,0,
2020-12-09,112722.0,-0.007504,6.4e-05,0,
2020-12-10,114992.0,0.019938,0.00011,0,
2020-12-11,115323.0,0.002874,5.5e-05,0,
2020-12-14,114975.0,-0.003022,4.8e-05,0,
2020-12-15,116146.0,0.010133,5.8e-05,0,
2020-12-16,117947.0,0.015387,7.4e-05,0,
2020-12-17,118157.0,0.001779,4.9e-05,0,
2020-12-18,117679.0,-0.004054,5.2e-05,0,
2020-12-21,116016.0,-0.014232,7.9e-05,0,
2020-12-22,116348.0,0.002858,5.2e-05,0,
2020-12-23,117857.0,0.012886,6.3e-05,0,
2020-12-28,119051.0,0.01008,5.5e-05,0,
2020-12-29,119475.0,0.003555,4.4e-05,0,
2020-12-30,119306.0,-0.001416,4.3e-05,0,
2021-01-04,118558.0,-0.006289,4.8e-05,0,recovery_2021
2021-01-05,119223.0,0.005593,5e-05,0,recovery_2021
2021-01-06,119851.0,0.005254,7.1e-05,0,recovery_2021
2021-01-07,121956.0,0.017411,0.000178,0,recovery_2021
2021-01-08,125077.0,0.025269,0.000332,0,recovery_2021
2021-01-11,122807.0,-0.018316,0.000243,0,recovery_2021
2021-01-12,123998.0,0.009651,0.000124,0,recovery_2021
2021-01-13,122040.0,-0.015917,0.000144,0,recovery_2021
2021-01-14,123481.0,0.011738,0.000142,0,recovery_2021
2021-01-15,120502.0,-0.024421,0.000275,0,recovery_2021
2021-01-18,121242.0,0.006122,9.4e-05,0,recovery_2021
2021-01-19,120673.0,-0.004704,5.9e-05,0,recovery_2021
2021-01-20,119708.0,-0.008029,6.1e-05,0,recovery_2021
2021-01-21,118443.0,-0.010624,7.2e-05,0,recovery_2021
2021-01-22,117172.0,-0.010789,8.1e-05,0,recovery_2021
2021-01-26,116464.0,-0.006061,0.000103,0,recovery_2021
2021-01-27,115882.0,-0.00501,0.00026,0,recovery_2021
2021-01-28,119314.0,0.029186,0.001012,0,recovery_2021
2021-01-29,116007.0,-0.028108,0.00108,0,recovery_2021
2021-02-01,117365.0,0.011638,0.000319,0,recovery_2021
2021-02-02,118234.0,0.007377,0.000111,0,recovery_2021
2021-02-03,119725.0,0.012532,7.5e-05,0,recovery_2021
2021-02-04,119261.0,-0.003883,5.1e-05,0,recovery_2021
2021-02-05,119925.0,0.005552,4.5e-05,0,recovery_2021
2021-02-08,119516.0,-0.003416,4.5e-05,0,recovery_2021
2021-02-09,119429.0,-0.000728,4.8e-05,0,recovery_2021
2021-02-10,118430.0,-0.0084,7.6e-05,0,recovery_2021
2021-02-11,119235.0,0.006774,0.000146,0,recovery_2021
2021-02-12,119116.0,-0.000999,0.0005,0,recovery_2021
2021-02-17,120391.0,0.010647,0.002322,0,recovery_2021
2021-02-18,119140.0,-0.010446,0.009601,0,recovery_2021
2021-02-19,118748.0,-0.003296,0.03567,0,recovery_2021
2021-02-22,112668.0,-0.052558,0.162932,0,recovery_2021
2021-02-23,115227.0,0.022459,0.096462,0,recovery_2021
2021-02-24,115668.0,0.00382,0.052027,0,recovery_2021
2021-02-25,112256.0,-0.029942,0.043775,0,recovery_2021
2021-02-26,110035.0,-0.019983,0.020217,0,recovery_2021
2021-03-01,110335.0,0.002723,0.004865,0,recovery_2021
2021-03-02,111540.0,0.010862,0.001902,0,recovery_2021
2021-03-03,111184.0,-0.003197,0.001287,0,recovery_2021
2021-03-04,112690.0,0.013454,0.001862,0,recovery_2021
2021-03-05,115202.0,0.022046,0.004239,0,recovery_2021
2021-03-08,110612.0,-0.040659,0.007842,0,recovery_2021
2021-03-09,111331.0,0.006479,0.001885,0,recovery_2021
2021-03-10,112776.0,0.012896,0.000656,0,recovery_2021
2021-03-11,114984.0,0.019389,0.000337,0,recovery_2021
2021-03-12,114160.0,-0.007192,0.000119,0,recovery_2021
2021-03-15,114851.0,0.006035,6.8e-05,0,recovery_2021
2021-03-16,114019.0,-0.007271,8.3e-05,0,recovery_2021
2021-03-17,116549.0,0.021947,0.00017,0,recovery_2021
2021-03-18,114835.0,-0.014815,0.00013,0,recovery_2021
2021-03-19,116222.0,0.012006,8.8e-05,0,recovery_2021
2021-03-22,114979.0,-0.010753,8.6e-05,0,recovery_2021
2021-03-23,113262.0,-0.015046,0.000104,0,recovery_2021
2021-03-24,112064.0,-0.010634,8.3e-05,0,recovery_2021
2021-03-25,113750.0,0.014933,8.1e-05,0,recovery_2021
2021-03-26,114781.0,0.009023,5.8e-05,0,recovery_2021
2021-03-29,115419.0,0.005543,5e-05,0,recovery_2021
2021-03-30,116850.0,0.012322,6e-05,0,recovery_2021
2021-03-31,116634.0,-0.00185,5.3e-05,0,recovery_2021
2021-04-01,115253.0,-0.011911,8.3e-05,0,recovery_2021
2021-04-05,117518.0,0.019462,0.000111,0,recovery_2021
2021-04-06,117499.0,-0.000162,5.4e-05,0,recovery_2021
2021-04-07,117624.0,0.001063,4.4e-05,0,recovery_2021
2021-04-08,118313.0,0.005841,4.4e-05,0,recovery_2021
2021-04-09,117670.0,-0.00545,4.8e-05,0,recovery_2021
2021-04-12,118812.0,0.009658,5.1e-05,0,recovery_2021
2021-04-13,119297.0,0.004074,4.4e-05,0,recovery_2021
2021-04-14,120295.0,0.008331,4.7e-05,0,recovery_2021
2021-04-15,120701.0,0.003369,4.2e-05,0,recovery_2021
2021-04-16,121114.0,0.003416,4.1e-05,0,recovery_2021
2021-04-19,120934.0,-0.001487,4.3e-05,0,recovery_2021
2021-04-20,120062.0,-0.007237,5e-05,0,recovery_2021
2021-04-22,119371.0,-0.005772,5e-05,0,recovery_2021
2021-04-23,120530.0,0.009662,5.2e-05,0,recovery_2021
2021-04-26,120595.0,0.000539,4.7e-05,0,recovery_2021
2021-04-27,119388.0,-0.010059,6.4e-05,0,recovery_2021
2021-04-28,121053.0,0.01385,7.2e-05,0,recovery_2021
2021-04-29,120066.0,-0.008187,6.2e-05,0,recovery_2021
2021-04-30,118894.0,-0.009809,6.2e-05,0,recovery_2021
2021-05-03,119209.0,0.002646,5.2e-05,0,recovery_2021
2021-05-04,117712.0,-0.012637,7.9e-05,0,recovery_2021
2021-05-05,119564.0,0.015611,8.4e-05,0,recovery_2021
2021-05-06,119921.0,0.002981,6e-05,0,recovery_2021
2021-05-07,122038.0,0.017499,9.2e-05,0,recovery_2021
2021-05-10,121909.0,-0.001058,6.8e-05,0,recovery_2021
2021-05-11,122964.0,0.008617,0.00012,0,recovery_2021
2021-05-12,119710.0,-0.026819,0.000356,0,recovery_2021
2021-05-13,120706.0,0.008286,0.000119,0,recovery_2021
2021-05-14,121881.0,0.009687,6.8e-05,0,recovery_2021
2021-05-17,122938.0,0.008635,5.3e-05,0,recovery_2021
2021-05-18,122980.0,0.000342,4.3e-05,0,recovery_2021
2021-05-19,122636.0,-0.002801,4.2e-05,0,recovery_2021
2021-05-20,122701.0,0.00053,4.1e-05,0,recovery_2021
2021-05-21,122592.0,-0.000889,4.4e-05,0,recovery_2021
2021-05-24,124032.0,0.011678,5.8e-05,0,recovery_2021
2021-05-25,122988.0,-0.008453,5.6e-05,0,recovery_2021
2021-05-26,123989.0,0.008106,4.9e-05,0,recovery_2021
2021-05-27,124367.0,0.003044,4.4e-05,0,recovery_2021
2021-05-28,125561.0,0.009555,5.1e-05,0,recovery_2021
2021-05-31,126216.0,0.005203,5.2e-05,0,recovery_2021
2021-06-01,128267.0,0.016119,7.9e-05,0,recovery_2021
2021-06-02,129601.0,0.010346,5.9e-05,0,recovery_2021
2021-06-04,130126.0,0.004043,4.5e-05,0,recovery_2021
2021-06-07,130776.0,0.004983,4.4e-05,0,recovery_2021
2021-06-08,129787.0,-0.007591,5e-05,0,recovery_2021
2021-06-09,129907.0,0.000924,4.2e-05,0,recovery_2021
2021-06-10,130076.0,0.0013,4.1e-05,0,recovery_2021
2021-06-11,129441.0,-0.004894,4.5e-05,0,recovery_2021
2021-06-14,130208.0,0.005908,4.4e-05,0,recovery_2021
2021-06-15,130091.0,-0.000899,4.3e-05,0,recovery_2021
2021-06-16,129259.0,-0.006416,5e-05,0,recovery_2021
2021-06-17,128057.0,-0.009343,5.6e-05,0,recovery_2021
2021-06-18,128405.0,0.002714,4.4e-05,0,recovery_2021
2021-06-21,129265.0,0.006675,4.5e-05,0,recovery_2021
2021-06-22,128767.0,-0.00386,4.5e-05,0,recovery_2021
2021-06-23,128428.0,-0.002636,4.6e-05,0,recovery_2021
2021-06-24,129514.0,0.008421,6.1e-05,0,recovery_2021
2021-06-25,127256.0,-0.017588,0.000106,0,recovery_2021
2021-06-28,127429.0,0.001359,5.3e-05,0,recovery_2021
2021-06-29,127327.0,-0.000801,4.4e-05,0,recovery_2021
2021-06-30,126802.0,-0.004132,4.8e-05,0,recovery_2021
2021-07-01,125666.0,-0.008999,6.3e-05,0,
2021-07-02,127622.0,0.015445,8e-05,0,
2021-07-05,126920.0,-0.005516,6.6e-05,0,
2021-07-06,125095.0,-0.014484,9.8e-05,0,
2021-07-07,127019.0,0.015263,9.9e-05,0,
2021-07-08,125428.0,-0.012605,9.6e-05,0,
2021-07-12,127594.0,0.017121,9.7e-05,0,
2021-07-13,128168.0,0.004489,5.3e-05,0,
2021-07-14,128407.0,0.001863,4.6e-05,0,
2021-07-15,127468.0,-0.00734,5.7e-05,0,
2021-07-16,125960.0,-0.011901,7.5e-05,0,
2021-07-19,124395.0,-0.012502,7.6e-05,0,
2021-07-20,125401.0,0.008055,5.4e-05,0,
2021-07-21,125929.0,0.004202,4.4e-05,0,
2021-07-22,126147.0,0.00173,4.4e-05,0,
2021-07-23,125053.0,-0.00871,5.5e-05,0,
2021-07-26,126004.0,0.007576,5.6e-05,0,
2021-07-27,124612.0,-0.011109,8.1e-05,0,
2021-07-28,126286.0,0.013344,0.000113,0,
2021-07-29,125675.0,-0.00485,0.000209,0,
2021-07-30,121801.0,-0.031311,0.000735,0,
2021-08-02,122516.0,0.005853,0.000196,0,
2021-08-03,123577.0,0.008623,9.3e-05,0,
2021-08-04,121801.0,-0.014476,9.3e-05,0,
2021-08-05,121633.0,-0.00138,5.3e-05,0,
2021-08-06,122810.0,0.00963,5.2e-05,0,
2021-08-09,123019.0,0.0017,4.4e-05,0,
2021-08-10,122202.0,-0.006663,4.9e-05,0,
2021-08-11,122056.0,-0.001195,4.7e-05,0,
2021-08-12,120701.0,-0.011164,6.5e-05,0,
2021-08-13,121194.0,0.004076,5.9e-05,0,
2021-08-16,119180.0,-0.016758,0.000108,0,
2021-08-17,117904.0,-0.010764,8.2e-05,0,
2021-08-18,116643.0,-0.010753,6.9e-05,0,
2021-08-19,117165.0,0.004465,4.9e-05,0,
2021-08-20,118053.0,0.00755,5.3e-05,0,
2021-08-23,117472.0,-0.004934,7.2e-05,0,
2021-08-24,120211.0,0.023049,0.000164,0,
2021-08-25,120818.0,0.005037,9e-05,0,
2021-08-26,118724.0,-0.017484,0.000136,0,
2021-08-27,120678.0,0.016324,0.000109,0,
2021-08-30,119740.0,-0.007803,7.2e-05,0,
2021-08-31,118781.0,-0.008041,7.3e-05,0,
2021-09-01,119396.0,0.005164,0.000109,0,
2021-09-02,116677.0,-0.023036,0.000341,0,
2021-09-03,116933.0,0.002192,0.000334,0,
2021-09-06,117869.0,0.007973,0.000922,0,
2021-09-08,113413.0,-0.038538,0.003668,0,
2021-09-09,115361.0,0.01703,0.001365,0,
2021-09-10,114286.0,-0.009362,0.000451,0,
2021-09-13,116404.0,0.018363,0.000238,0,
2021-09-14,116181.0,-0.001918,9.4e-05,0,
2021-09-15,115063.0,-0.00967,9.5e-05,0,
2021-09-16,113794.0,-0.01109,0.00015,0,
2021-09-17,111439.0,-0.020912,0.000334,0,
2021-09-20,108844.0,-0.023562,0.000396,0,
2021-09-21,110250.0,0.012835,0.000188,0,
2021-09-22,112282.0,0.018263,0.000161,0,
2021-09-23,114064.0,0.015746,0.000122,0,
2021-09-24,113283.0,-0.006871,0.0001,0,
2021-09-27,113583.0,0.002645,0.000182,0,
2021-09-28,110124.0,-0.030927,0.00069,0,
2021-09-29,111107.0,0.008887,0.000205,0,
2021-09-30,110979.0,-0.001153,0.000102,0,
2021-10-01,112900.0,0.017161,0.000154,0,
2021-10-04,110393.0,-0.022456,0.000225,0,
2021-10-05,110458.0,0.000589,7.7e-05,0,
2021-10-06,110560.0,0.000923,5e-05,0,
2021-10-07,110585.0,0.000226,5.6e-05,0,
2021-10-08,112833.0,0.020124,0.000112,0,
2021-10-11,112180.0,-0.005804,6.6e-05,0,
2021-10-13,113456.0,0.01131,6.4e-05,0,
2021-10-14,113185.0,-0.002391,6.7e-05,0,
2021-10-15,114648.0,0.012843,0.000143,0,
2021-10-18,114428.0,-0.001921,0.00036,0,
2021-10-19,110673.0,-0.033366,0.001517,0,
2021-10-20,110786.0,0.001021,0.000816,0,
2021-10-21,107735.0,-0.027926,0.001086,0,
2021-10-22,106296.0,-0.013447,0.000591,0,
2021-10-25,108715.0,0.022502,0.000514,0,
2021-10-26,106420.0,-0.021336,0.000386,0,
2021-10-27,106363.0,-0.000536,0.000127,0,
2021-10-28,105705.0,-0.006206,0.000109,0,
2021-10-29,103501.0,-0.021071,0.000225,0,
2021-11-01,105551.0,0.019613,0.000183,0,
2021-11-03,105617.0,0.000625,0.000103,0,
2021-11-04,103412.0,-0.021098,0.000187,0,
2021-11-05,104824.0,0.013562,0.0001,0,
2021-11-08,104781.0,-0.00041,5.3e-05,0,
2021-11-09,105535.0,0.00717,4.9e-05,0,
2021-11-10,105968.0,0.004095,5.4e-05,0,
2021-11-11,107725.0,0.016445,9.7e-05,0,
2021-11-12,106312.0,-0.013204,0.000113,0,
2021-11-16,104508.0,-0.017115,0.000142,0,
2021-11-17,102945.0,-0.015069,0.000114,0,
2021-11-18,102524.0,-0.004098,6e-05,0,
2021-11-19,103035.0,0.004972,5.1e-05,0,
2021-11-22,102122.0,-0.008901,6.9e-05,0,
2021-11-23,103663.0,0.014977,0.000103,0,
2021-11-24,104514.0,0.008176,0.00015,0,
2021-11-25,105811.0,0.012333,0.000443,0,
2021-11-26,102224.0,-0.034488,0.001489,0,
2021-11-29,102814.0,0.005755,0.000459,0,
2021-11-30,101915.0,-0.008782,0.00032,0,
2021-12-01,100775.0,-0.011249,0.000528,0,
2021-12-02,104466.0,0.035971,0.001366,0,
2021-12-03,105070.0,0.005765,0.000362,0,
2021-12-06,106859.0,0.016883,0.000184,0,
2021-12-07,107558.0,0.00652,7.8e-05,0,
2021-12-08,108096.0,0.004989,6.4e-05,0,
2021-12-09,106291.0,-0.016839,0.00011,0,
2021-12-10,107758.0,0.013707,8.1e-05,0,
2021-12-13,107383.0,-0.003486,5.2e-05,0,
2021-12-14,106760.0,-0.005819,4.9e-05,0,
2021-12-15,107370.0,0.005697,4.7e-05,0,
2021-12-16,108212.0,0.007811,5.5e-05,0,
2021-12-17,107201.0,-0.009387,8.3e-05,0,
2021-12-20,105020.0,-0.020555,0.000154,0,
2021-12-21,105500.0,0.00456,6.5e-05,0,
2021-12-22,105244.0,-0.002429,4.7e-05,0,
2021-12-23,104891.0,-0.00336,4.4e-05,0,
2021-12-27,105531.0,0.006083,4.5e-05,0,
2021-12-28,104864.0,-0.00634,5e-05,0,
2021-12-29,104107.0,-0.007245,5.2e-05,0,
2021-12-30,104822.0,0.006844,5.1e-05,0,
2022-01-03,103922.0,-0.008623,6.5e-05,0,hi_rates_2022
2022-01-04,103514.0,-0.003934,9e-05,0,hi_rates_2022
2022-01-05,101006.0,-0.024527,0.000249,0,hi_rates_2022
2022-01-06,101561.0,0.00548,9.1e-05,0,hi_rates_2022
2022-01-07,102719.0,0.011338,7.2e-05,0,hi_rates_2022
2022-01-10,101945.0,-0.007564,7.2e-05,0,hi_rates_2022
2022-01-11,103779.0,0.01783,0.000114,0,hi_rates_2022
2022-01-12,105686.0,0.018209,0.000113,0,hi_rates_2022
2022-01-13,105530.0,-0.001477,6e-05,0,hi_rates_2022
2022-01-14,106928.0,0.01316,6.4e-05,0,hi_rates_2022
2022-01-17,106692.0,-0.00221,4.7e-05,0,hi_rates_2022
2022-01-18,106522.0,-0.001595,4.7e-05,0,hi_rates_2022
2022-01-19,108013.0,0.0139,6.6e-05,0,hi_rates_2022
2022-01-20,109102.0,0.010032,5.7e-05,0,hi_rates_2022
2022-01-21,108942.0,-0.001468,5.2e-05,0,hi_rates_2022
2022-01-24,107752.0,-0.010983,8.2e-05,0,hi_rates_2022
2022-01-25,109845.0,0.019238,0.000124,0,hi_rates_2022
2022-01-26,111573.0,0.015609,9.6e-05,0,hi_rates_2022
2022-01-27,112315.0,0.006628,5.8e-05,0,hi_rates_2022
2022-01-28,111478.0,-0.00748,5.4e-05,0,hi_rates_2022
2022-01-31,112388.0,0.00813,5e-05,0,hi_rates_2022
2022-02-01,113147.0,0.006731,4.8e-05,0,hi_rates_2022
2022-02-02,112161.0,-0.008753,5.4e-05,0,hi_rates_2022
2022-02-03,111696.0,-0.004154,4.6e-05,0,hi_rates_2022
2022-02-04,112245.0,0.004903,4.3e-05,0,hi_rates_2022
2022-02-07,111996.0,-0.002221,4.2e-05,0,hi_rates_2022
2022-02-08,112234.0,0.002123,4.1e-05,0,hi_rates_2022
2022-02-09,112461.0,0.002021,4.1e-05,0,hi_rates_2022
2022-02-10,113359.0,0.007953,4.5e-05,0,hi_rates_2022
2022-02-11,113572.0,0.001877,4.1e-05,0,hi_rates_2022
2022-02-14,113807.0,0.002067,4.2e-05,0,hi_rates_2022
2022-02-15,114660.0,0.007467,4.7e-05,0,hi_rates_2022
2022-02-16,115181.0,0.004534,5.1e-05,0,hi_rates_2022
2022-02-17,113528.0,-0.014455,8.2e-05,0,hi_rates_2022
2022-02-18,112768.0,-0.006717,6e-05,0,hi_rates_2022
2022-02-21,111725.0,-0.009292,6.1e-05,0,hi_rates_2022
2022-02-22,112892.0,0.010391,5.8e-05,0,hi_rates_2022
2022-02-23,112008.0,-0.007861,5.6e-05,0,hi_rates_2022
2022-02-24,111592.0,-0.003721,5.3e-05,0,hi_rates_2022
2022-02-25,113142.0,0.013794,7.9e-05,0,hi_rates_2022
2022-03-02,115174.0,0.0178,0.000101,0,hi_rates_2022
2022-03-03,115166.0,-6.9e-05,6.7e-05,0,hi_rates_2022
2022-03-04,114474.0,-0.006027,0.000112,0,hi_rates_2022
2022-03-07,111593.0,-0.025489,0.000323,0,hi_rates_2022
2022-03-08,111203.0,-0.003501,0.000154,0,hi_rates_2022
2022-03-09,113900.0,0.023964,0.000225,0,hi_rates_2022
2022-03-10,113663.0,-0.002083,0.000107,0,hi_rates_2022
2022-03-11,111713.0,-0.017305,0.000153,0,hi_rates_2022
2022-03-14,109928.0,-0.016107,0.000144,0,hi_rates_2022
2022-03-15,108959.0,-0.008854,0.000107,0,hi_rates_2022
2022-03-16,111112.0,0.019567,0.000156,0,hi_rates_2022
2022-03-17,113076.0,0.017521,0.000149,0,hi_rates_2022
2022-03-18,115311.0,0.019573,0.000141,0,hi_rates_2022
2022-03-21,116155.0,0.007293,6.8e-05,0,hi_rates_2022
2022-03-22,117272.0,0.009571,5.6e-05,0,hi_rates_2022
2022-03-23,117457.0,0.001576,4.7e-05,0,hi_rates_2022
2022-03-24,119053.0,0.013496,6.2e-05,0,hi_rates_2022
2022-03-25,119081.0,0.000235,4.5e-05,0,hi_rates_2022
2022-03-28,118738.0,-0.002885,4.5e-05,0,hi_rates_2022
2022-03-29,120014.0,0.010689,5.2e-05,0,hi_rates_2022
2022-03-30,120260.0,0.002048,4.4e-05,0,hi_rates_2022
2022-03-31,119999.0,-0.002173,4.7e-05,0,hi_rates_2022
2022-04-01,121570.0,0.013007,6.5e-05,0,hi_rates_2022
2022-04-04,121280.0,-0.002388,6.6e-05,0,hi_rates_2022
2022-04-05,118885.0,-0.019945,0.000139,0,hi_rates_2022
2022-04-06,118228.0,-0.005542,6.7e-05,0,hi_rates_2022
2022-04-07,118862.0,0.005348,4.9e-05,0,hi_rates_2022
2022-04-08,118322.0,-0.004553,5e-05,0,hi_rates_2022
2022-04-11,116953.0,-0.011638,6.6e-05,0,hi_rates_2022
2022-04-12,116147.0,-0.006916,5.4e-05,0,hi_rates_2022
2022-04-13,116782.0,0.005452,4.6e-05,0,hi_rates_2022
2022-04-14,116182.0,-0.005151,4.8e-05,0,hi_rates_2022
2022-04-18,115687.0,-0.00427,5.1e-05,0,hi_rates_2022
2022-04-19,115057.0,-0.005461,7.2e-05,0,hi_rates_2022
2022-04-20,114344.0,-0.006216,0.000163,0,hi_rates_2022
2022-04-22,111078.0,-0.028979,0.000558,0,hi_rates_2022
2022-04-25,110685.0,-0.003544,0.000233,0,hi_rates_2022
2022-04-26,108213.0,-0.022587,0.000284,0,hi_rates_2022
2022-04-27,109349.0,0.010443,0.000117,0,hi_rates_2022
2022-04-28,109919.0,0.005199,8.1e-05,0,hi_rates_2022
2022-04-29,107876.0,-0.018761,0.000145,0,hi_rates_2022
2022-05-02,106639.0,-0.011533,0.000103,0,hi_rates_2022
2022-05-03,106528.0,-0.001041,9.7e-05,0,hi_rates_2022
2022-05-04,108344.0,0.016903,0.000248,0,hi_rates_2022
2022-05-05,105304.0,-0.02846,0.000548,0,hi_rates_2022
2022-05-06,105135.0,-0.001606,0.00018,0,hi_rates_2022
2022-05-09,103250.0,-0.018092,0.000162,0,hi_rates_2022
2022-05-10,103110.0,-0.001357,7.1e-05,0,hi_rates_2022
2022-05-11,104397.0,0.012405,7e-05,0,hi_rates_2022
2022-05-12,105688.0,0.01229,6.9e-05,0,hi_rates_2022
2022-05-13,106924.0,0.011627,6.7e-05,0,hi_rates_2022
2022-05-16,108233.0,0.012168,7.2e-05,0,hi_rates_2022
2022-05-17,108789.0,0.005124,8.6e-05,0,hi_rates_2022
2022-05-18,106247.0,-0.023644,0.000227,0,hi_rates_2022
2022-05-19,107005.0,0.007109,9.5e-05,0,hi_rates_2022
2022-05-20,108488.0,0.013764,8.8e-05,0,hi_rates_2022
2022-05-23,110346.0,0.016981,9.2e-05,0,hi_rates_2022
2022-05-24,110581.0,0.002127,5.1e-05,0,hi_rates_2022
2022-05-25,110580.0,-9e-06,4.5e-05,0,hi_rates_2022
2022-05-26,111890.0,0.011777,5.6e-05,0,hi_rates_2022
2022-05-27,111942.0,0.000465,4.5e-05,0,hi_rates_2022
2022-05-30,111032.0,-0.008162,5.1e-05,0,hi_rates_2022
2022-05-31,111351.0,0.002869,4.3e-05,0,hi_rates_2022
2022-06-01,111360.0,8.1e-05,4.3e-05,0,hi_rates_2022
2022-06-02,112393.0,0.009233,5.4e-05,0,hi_rates_2022
2022-06-03,111102.0,-0.011553,6.9e-05,0,hi_rates_2022
2022-06-06,110186.0,-0.008279,6.1e-05,0,hi_rates_2022
2022-06-07,110070.0,-0.001053,6.1e-05,0,hi_rates_2022
2022-06-08,108368.0,-0.015584,0.000121,0,hi_rates_2022
2022-06-09,107094.0,-0.011826,0.00015,0,hi_rates_2022
2022-06-10,105481.0,-0.015176,0.000278,0,hi_rates_2022
2022-06-13,102598.0,-0.027712,0.000543,0,hi_rates_2022
2022-06-14,102063.0,-0.005228,0.00021,0,hi_rates_2022
2022-06-15,102807.0,0.007263,0.000213,0,hi_rates_2022
2022-06-17,99825.0,-0.029435,0.000561,0,hi_rates_2022
2022-06-20,99853.0,0.00028,0.000143,0,hi_rates_2022
2022-06-21,99685.0,-0.001684,6.4e-05,0,hi_rates_2022
2022-06-22,99522.0,-0.001636,5.5e-05,0,hi_rates_2022
2022-06-23,98080.0,-0.014595,8.7e-05,0,hi_rates_2022
2022-06-24,98672.0,0.006018,7e-05,0,hi_rates_2022
2022-06-27,100764.0,0.02098,0.000125,0,hi_rates_2022
2022-06-28,100591.0,-0.001718,6.3e-05,0,hi_rates_2022
2022-06-29,99622.0,-0.00968,6.5e-05,0,hi_rates_2022
2022-06-30,98542.0,-0.0109,6.5e-05,0,hi_rates_2022
2022-07-01,98954.0,0.004172,4.7e-05,0,hi_rates_2022
2022-07-04,98609.0,-0.003493,4.5e-05,0,hi_rates_2022
2022-07-05,98295.0,-0.003189,4.6e-05,0,hi_rates_2022
2022-07-06,98719.0,0.004304,5.8e-05,0,hi_rates_2022
2022-07-07,100730.0,0.020166,0.000122,0,hi_rates_2022
2022-07-08,100289.0,-0.004388,8.9e-05,0,hi_rates_2022
2022-07-11,98212.0,-0.020928,0.000164,0,hi_rates_2022
2022-07-12,98271.0,0.000601,6.9e-05,0,hi_rates_2022
2022-07-13,97881.0,-0.003977,6.4e-05,0,hi_rates_2022
2022-07-14,96121.0,-0.018145,0.000114,0,hi_rates_2022
2022-07-15,96551.0,0.004464,5.7e-05,0,hi_rates_2022
2022-07-18,96916.0,0.003773,4.8e-05,0,hi_rates_2022
2022-07-19,98245.0,0.01362,6.3e-05,0,hi_rates_2022
2022-07-20,98287.0,0.000427,4.6e-05,0,hi_rates_2022
2022-07-21,99033.0,0.007561,4.7e-05,0,hi_rates_2022
2022-07-22,98925.0,-0.001091,4.7e-05,0,hi_rates_2022
2022-07-25,100270.0,0.013505,6.5e-05,0,hi_rates_2022
2022-07-26,99772.0,-0.004979,5.9e-05,0,hi_rates_2022
2022-07-27,101438.0,0.01656,8.5e-05,0,hi_rates_2022
2022-07-28,102597.0,0.011361,6.5e-05,0,hi_rates_2022
2022-07-29,103165.0,0.005521,5.1e-05,0,hi_rates_2022
2022-08-01,102225.0,-0.009153,5.9e-05,0,hi_rates_2022
2022-08-02,103362.0,0.011061,6e-05,0,hi_rates_2022
2022-08-03,103775.0,0.003988,6e-05,0,hi_rates_2022
2022-08-04,105892.0,0.020195,0.000116,0,hi_rates_2022
2022-08-05,106472.0,0.005462,7e-05,0,hi_rates_2022
2022-08-08,108402.0,0.017964,9.7e-05,0,hi_rates_2022
2022-08-09,108651.0,0.002294,6.1e-05,0,hi_rates_2022
2022-08-10,110236.0,0.014483,8.5e-05,0,hi_rates_2022
2022-08-11,109718.0,-0.00471,0.000103,0,hi_rates_2022
2022-08-12,112764.0,0.027384,0.000272,0,hi_rates_2022
2022-08-15,113032.0,0.002374,8.6e-05,0,hi_rates_2022
2022-08-16,113512.0,0.004238,5.1e-05,0,hi_rates_2022
2022-08-17,113708.0,0.001725,4.7e-05,0,hi_rates_2022
2022-08-18,113813.0,0.000923,6.5e-05,0,hi_rates_2022
2022-08-19,111496.0,-0.020568,0.000165,0,hi_rates_2022
2022-08-22,110501.0,-0.008964,0.000109,0,hi_rates_2022
2022-08-23,112857.0,0.021097,0.000141,0,hi_rates_2022
2022-08-24,112898.0,0.000363,6.1e-05,0,hi_rates_2022
2022-08-25,113532.0,0.0056,5.1e-05,0,hi_rates_2022
2022-08-26,112299.0,-0.01092,6.4e-05,0,hi_rates_2022
2022-08-29,112323.0,0.000214,5.8e-05,0,hi_rates_2022
2022-08-30,110431.0,-0.016988,0.000105,0,hi_rates_2022
2022-08-31,109523.0,-0.008256,6.8e-05,0,hi_rates_2022
2022-09-01,110405.0,0.008021,5.4e-05,0,hi_rates_2022
2022-09-02,110864.0,0.004149,5.5e-05,0,hi_rates_2022
2022-09-05,112203.0,0.012006,9.6e-05,0,hi_rates_2022
2022-09-06,109764.0,-0.021977,0.000201,0,hi_rates_2022
2022-09-08,109916.0,0.001384,0.000104,0,hi_rates_2022
2022-09-09,112300.0,0.021457,0.000172,0,hi_rates_2022
2022-09-12,113407.0,0.009809,0.000131,0,hi_rates_2022
2022-09-13,110794.0,-0.02331,0.000236,0,hi_rates_2022
2022-09-14,110547.0,-0.002232,8.4e-05,0,hi_rates_2022
2022-09-15,109954.0,-0.005379,6.2e-05,0,hi_rates_2022
2022-09-16,109280.0,-0.006149,7.7e-05,0,hi_rates_2022
2022-09-19,111824.0,0.023013,0.000166,0,hi_rates_2022
2022-09-20,112517.0,0.006178,8.9e-05,0,hi_rates_2022
2022-09-21,111936.0,-0.005177,0.000125,0,hi_rates_2022
2022-09-22,114070.0,0.018885,0.000365,0,hi_rates_2022
2022-09-23,111716.0,-0.020852,0.000764,0,hi_rates_2022
2022-09-26,109114.0,-0.023567,0.001148,0,hi_rates_2022
2022-09-27,108376.0,-0.006787,0.001259,0,hi_rates_2022
2022-09-28,108451.0,0.000692,0.002762,0,hi_rates_2022
2022-09-29,107664.0,-0.007283,0.010804,0,hi_rates_2022
2022-09-30,110037.0,0.021801,0.045009,0,hi_rates_2022
2022-10-03,116134.0,0.053928,0.100041,0,hi_rates_2022
2022-10-04,116230.0,0.000826,0.02002,0,hi_rates_2022
2022-10-05,117198.0,0.008294,0.004456,0,hi_rates_2022
2022-10-06,117561.0,0.003093,0.000971,0,hi_rates_2022
2022-10-07,116375.0,-0.01014,0.0003,0,hi_rates_2022
2022-10-10,115941.0,-0.003736,0.000104,0,hi_rates_2022
2022-10-11,114827.0,-0.009655,7.8e-05,0,hi_rates_2022
2022-10-13,114300.0,-0.0046,7.8e-05,0,hi_rates_2022
2022-10-14,112072.0,-0.019685,0.000162,0,hi_rates_2022
2022-10-17,113624.0,0.013753,0.00012,0,hi_rates_2022
2022-10-18,115743.0,0.018477,0.000136,0,hi_rates_2022
2022-10-19,116274.0,0.004577,0.000113,0,hi_rates_2022
2022-10-20,117171.0,0.007685,0.00027,0,hi_rates_2022
2022-10-21,119929.0,0.023265,0.001019,0,hi_rates_2022
2022-10-24,116013.0,-0.033198,0.001833,0,hi_rates_2022
2022-10-25,114626.0,-0.012028,0.000689,0,hi_rates_2022
2022-10-26,112764.0,-0.016378,0.000359,0,hi_rates_2022
2022-10-27,114641.0,0.016508,0.000177,0,hi_rates_2022
2022-10-28,114539.0,-0.00089,7.4e-05,0,hi_rates_2022
2022-10-31,116037.0,0.012994,7e-05,0,hi_rates_2022
2022-11-01,116929.0,0.007658,5.8e-05,0,hi_rates_2022
2022-11-03,116896.0,-0.000282,7.5e-05,0,hi_rates_2022
2022-11-04,118155.0,0.010713,0.000201,0,hi_rates_2022
2022-11-07,115342.0,-0.024096,0.000668,0,hi_rates_2022
2022-11-08,116160.0,0.007067,0.000815,0,hi_rates_2022
2022-11-09,113580.0,-0.022461,0.002186,0,hi_rates_2022
2022-11-10,109775.0,-0.034075,0.003527,0,hi_rates_2022
2022-11-11,112253.0,0.022322,0.001968,0,hi_rates_2022
2022-11-14,113161.0,0.008056,0.000846,0,hi_rates_2022
2022-11-16,110243.0,-0.026125,0.000795,0,hi_rates_2022
2022-11-17,109703.0,-0.00491,0.000213,0,hi_rates_2022
2022-11-18,108880.0,-0.00753,9.3e-05,0,hi_rates_2022
2022-11-21,109748.0,0.00794,6.6e-05,0,hi_rates_2022
2022-11-22,109037.0,-0.0065,8.4e-05,0,hi_rates_2022
2022-11-23,108683.0,-0.003252,0.000187,0,hi_rates_2022
2022-11-24,111831.0,0.028553,0.000719,0,hi_rates_2022
2022-11-25,108977.0,-0.025852,0.000715,0,hi_rates_2022
2022-11-28,108782.0,-0.001791,0.000226,0,hi_rates_2022
2022-11-29,110910.0,0.019373,0.000188,0,hi_rates_2022
2022-11-30,112486.0,0.01411,0.000123,0,hi_rates_2022
2022-12-01,110926.0,-0.013965,0.000115,0,hi_rates_2022
2022-12-02,111924.0,0.008957,0.000104,0,hi_rates_2022
2022-12-05,109401.0,-0.0228,0.00021,0,hi_rates_2022
2022-12-06,109533.0,0.001206,8e-05,0,hi_rates_2022
2022-12-07,109361.0,-0.001572,7.2e-05,0,hi_rates_2022
2022-12-08,107245.0,-0.019538,0.000153,0,hi_rates_2022
2022-12-09,107689.0,0.004132,0.000109,0,hi_rates_2022
2022-12-12,105264.0,-0.022776,0.000233,0,hi_rates_2022
2022-12-13,103892.0,-0.01312,0.000125,0,hi_rates_2022
2022-12-14,103803.0,-0.000857,5.9e-05,0,hi_rates_2022
2022-12-15,103738.0,-0.000626,5e-05,0,hi_rates_2022
2022-12-16,102825.0,-0.00884,7.3e-05,0,hi_rates_2022
2022-12-19,104530.0,0.016446,0.000124,0,hi_rates_2022
2022-12-20,106979.0,0.023158,0.000182,0,hi_rates_2022
2022-12-21,107313.0,0.003117,7.4e-05,0,hi_rates_2022
2022-12-22,107317.0,3.7e-05,6.8e-05,0,hi_rates_2022
2022-12-23,109698.0,0.021944,0.000147,0,hi_rates_2022
2022-12-26,108738.0,-0.00879,9e-05,0,hi_rates_2022
2022-12-27,108347.0,-0.003602,9.3e-05,0,hi_rates_2022
2022-12-28,110237.0,0.017294,0.000228,0,hi_rates_2022
2022-12-29,110031.0,-0.00187,0.000469,0,hi_rates_2022
2023-01-02,106376.0,-0.033782,0.001851,0,
2023-01-03,104166.0,-0.020994,0.001087,0,
2023-01-04,105334.0,0.01115,0.000392,0,
2023-01-05,107518.0,0.020522,0.000262,0,
2023-01-06,108836.0,0.012184,0.000115,0,
2023-01-09,109227.0,0.003586,6.5e-05,0,
2023-01-10,110912.0,0.015309,8.5e-05,0,
2023-01-11,111763.0,0.007643,8.3e-05,0,
2023-01-12,111877.0,0.001019,0.000171,0,
2023-01-13,110916.0,-0.008627,0.00067,0,
