"data";"valor"
"01/12/2023";"0,045513"
"04/12/2023";"0,045513"
"05/12/2023";"0,045513"
"06/12/2023";"0,045513"
"07/12/2023";"0,045513"
"08/12/2023";"0,045513"
"11/12/2023";"0,045513"
"12/12/2023";"0,045513"
"13/12/2023";"0,045513"
"14/12/2023";"0,043739"
"15/12/2023";"0,043739"
"18/12/2023";"0,043739"
"19/12/2023";"0,043739"
"20/12/2023";"0,043739"
"21/12/2023";"0,043739"
"22/12/2023";"0,043739"
"26/12/2023";"0,043739"
"27/12/2023";"0,043739"
"28/12/2023";"0,043739"
"29/12/2023";"0,043739"
"02/01/2024";"0,043739"
"03/01/2024";"0,043739"
"04/01/2024";"0,043739"
"05/01/2024";"0,043739"
"08/01/2024";"0,043739"
"09/01/2024";"0,043739"
"10/01/2024";"0,043739"
"11/01/2024";"0,043739"
"12/01/2024";"0,043739"
"15/01/2024";"0,043739"
"16/01/2024";"0,043739"
"17/01/2024";"0,043739"
"18/01/2024";"0,043739"
"19/01/2024";"0,043739"
"22/01/2024";"0,043739"
"23/01/2024";"0,043739"
"24/01/2024";"0,043739"
"25/01/2024";"0,043739"
"26/01/2024";"0,043739"
"29/01/2024";"0,043739"
"30/01/2024";"0,043739"
"31/01/2024";"0,043739"
"01/02/2024";"0,041957"
"02/02/2024";"0,041957"
"05/02/2024";"0,041957"
"06/02/2024";"0,041957"
"07/02/2024";"0,041957"
"08/02/2024";"0,041957"
"09/02/2024";"0,041957"
"14/02/2024";"0,041957"
"15/02/2024";"0,041957"
"16/02/2024";"0,041957"
"19/02/2024";"0,041957"
"20/02/2024";"0,041957"
"21/02/2024";"0,041957"
"22/02/2024";"0,041957"
"23/02/2024";"0,041957"
"26/02/2024";"0,041957"
"27/02/2024";"0,041957"
"28/02/2024";"0,041957"
"29/02/2024";"0,041957"
"01/03/2024";"0,041957"
"04/03/2024";"0,041957"
"05/03/2024";"0,041957"
"06/03/2024";"0,041957"
"07/03/2024";"0,041957"
"08/03/2024";"0,041957"
"11/03/2024";"0,041957"
"12/03/2024";"0,041957"
"13/03/2024";"0,041957"
"14/03/2024";"0,041957"
"15/03/2024";"0,041957"
"18/03/2024";"0,041957"
"19/03/2024";"0,041957"
"20/03/2024";"0,041957"
"21/03/2024";"0,040168"
"22/03/2024";"0,040168"
"25/03/2024";"0,040168"
"26/03/2024";"0,040168"
"27/03/2024";"0,040168"
"28/03/2024";"0,040168"
"01/04/2024";"0,040168"
"02/04/2024";"0,040168"
"03/04/2024";"0,040168"
"04/04/2024";"0,040168"
"05/04/2024";"0,040168"
"08/04/2024";"0,040168"
"09/04/2024";"0,040168"
"10/04/2024";"0,040168"
"11/04/2024";"0,040168"
"12/04/2024";"0,040168"
"15/04/2024";"0,040168"
"16/04/2024";"0,040168"
"17/04/2024";"0,040168"
"18/04/2024";"0,040168"
"19/04/2024";"0,040168"
"22/04/2024";"0,040168"
"23/04/2024";"0,040168"
"24/04/2024";"0,040168"
"25/04/2024";"0,040168"
"26/04/2024";"0,040168"
"29/04/2024";"0,040168"
"30/04/2024";"0,040168"
