observation_date,DTB3
2023-12-01,5.23
2023-12-04,5.26
2023-12-05,5.25
2023-12-06,5.25
2023-12-07,5.24
2023-12-08,5.24
2023-12-11,5.26
2023-12-12,5.26
2023-12-13,5.24
2023-12-14,5.23
2023-12-15,5.24
2023-12-18,5.26
2023-12-19,5.23
2023-12-20,5.24
2023-12-21,5.22
2023-12-22,5.24
2023-12-25,
2023-12-26,5.25
2023-12-27,5.24
2023-12-28,5.25
2023-12-29,5.20
2024-01-01,
2024-01-02,5.22
2024-01-03,5.24
2024-01-04,5.24
2024-01-05,5.24
2024-01-08,5.25
2024-01-09,5.24
2024-01-10,5.23
2024-01-11,5.23
2024-01-12,5.22
2024-01-15,
2024-01-16,5.22
2024-01-17,5.24
2024-01-18,5.22
2024-01-19,5.22
2024-01-22,5.22
2024-01-23,5.21
2024-01-24,5.21
2024-01-25,5.21
2024-01-26,5.21
2024-01-29,5.22
2024-01-30,5.21
2024-01-31,5.22
2024-02-01,5.22
2024-02-02,5.23
2024-02-05,5.22
2024-02-06,5.23
2024-02-07,5.23
2024-02-08,5.23
2024-02-09,5.24
2024-02-12,5.23
2024-02-13,5.25
2024-02-14,5.23
2024-02-15,5.23
2024-02-16,5.24
2024-02-19,
2024-02-20,5.24
2024-02-21,5.24
2024-02-22,5.25
2024-02-23,5.26
2024-02-26,5.26
2024-02-27,5.25
2024-02-28,5.24
2024-02-29,5.25
2024-03-01,5.23
2024-03-04,5.24
2024-03-05,5.23
2024-03-06,5.24
2024-03-07,5.24
2024-03-08,5.24
2024-03-11,5.24
2024-03-12,5.25
2024-03-13,5.25
2024-03-14,5.25
2024-03-15,5.25
2024-03-18,5.25
2024-03-19,5.24
2024-03-20,5.24
2024-03-21,5.25
2024-03-22,5.24
2024-03-25,5.23
2024-03-26,5.22
2024-03-27,5.22
2024-03-28,5.23
2024-03-29,
2024-04-01,5.23
2024-04-02,5.22
2024-04-03,5.22
2024-04-04,5.21
2024-04-05,5.23
2024-04-08,5.23
2024-04-09,5.23
2024-04-10,5.25
2024-04-11,5.25
2024-04-12,5.25
2024-04-15,5.25
2024-04-16,5.25
2024-04-17,5.25
2024-04-18,5.25
2024-04-19,5.25
2024-04-22,5.22
2024-04-23,5.25
2024-04-24,5.26
2024-04-25,5.26
2024-04-26,5.25
2024-04-29,5.25
2024-04-30,5.25
