regime,ticker,seed,total_return_pct
bull_2019,PETR4,0,14.952223
bull_2019,PETR4,1,6.502648
bull_2019,PETR4,2,13.881566
bull_2019,PETR4,3,0.466125
bull_2019,PETR4,4,1.419645
bull_2019,PETR4,5,-15.179463
bull_2019,PETR4,6,13.288467
bull_2019,PETR4,7,7.276422
bull_2019,PETR4,8,16.250565
bull_2019,PETR4,9,1.657886
bull_2019,PETR4,10,25.544083
bull_2019,PETR4,11,13.703282
bull_2019,PETR4,12,38.376292
bull_2019,PETR4,13,19.881004
bull_2019,PETR4,14,2.484606
bull_2019,PETR4,15,10.260686
bull_2019,PETR4,16,18.636031
bull_2019,PETR4,17,0.142245
bull_2019,PETR4,18,7.9174
bull_2019,PETR4,19,13.302714
bull_2019,PETR4,20,-5.849602
bull_2019,PETR4,21,35.38573
bull_2019,PETR4,22,13.385524
bull_2019,PETR4,23,10.260911
bull_2019,PETR4,24,1.347325
bull_2019,PETR4,25,38.356358
bull_2019,PETR4,26,14.466266
bull_2019,PETR4,27,4.26024
bull_2019,PETR4,28,39.270408
bull_2019,PETR4,29,12.511057
bull_2019,PETR4,30,10.89085
bull_2019,PETR4,31,19.808052
bull_2019,PETR4,32,8.384191
bull_2019,PETR4,33,53.425561
bull_2019,PETR4,34,9.093678
bull_2019,PETR4,35,-0.407654
bull_2019,PETR4,36,9.828517
bull_2019,PETR4,37,-3.957503
bull_2019,PETR4,38,37.747706
bull_2019,PETR4,39,-10.469919
bull_2019,PETR4,40,28.555195
bull_2019,PETR4,41,6.699085
bull_2019,PETR4,42,0.383354
bull_2019,PETR4,43,15.517054
bull_2019,PETR4,44,3.789876
bull_2019,PETR4,45,7.555301
bull_2019,PETR4,46,21.323619
bull_2019,PETR4,47,10.713449
bull_2019,PETR4,48,25.775185
bull_2019,PETR4,49,48.153429
bull_2019,PETR4,50,-10.726402
bull_2019,PETR4,51,2.127213
bull_2019,PETR4,52,-0.391561
bull_2019,PETR4,53,32.76604
bull_2019,PETR4,54,13.550771
bull_2019,PETR4,55,40.625523
bull_2019,PETR4,56,16.008141
bull_2019,PETR4,57,-10.889221
bull_2019,PETR4,58,3.870574
bull_2019,PETR4,59,18.066835
bull_2019,PETR4,60,40.996996
bull_2019,PETR4,61,58.300028
bull_2019,PETR4,62,47.676047
bull_2019,PETR4,63,21.084659
bull_2019,PETR4,64,22.27978
bull_2019,PETR4,65,33.151095
bull_2019,PETR4,66,10.2829
bull_2019,PETR4,67,10.012699
bull_2019,PETR4,68,24.674383
bull_2019,PETR4,69,22.725742
bull_2019,PETR4,70,19.574038
bull_2019,PETR4,71,31.51267
bull_2019,PETR4,72,20.536779
bull_2019,PETR4,73,-13.812217
bull_2019,PETR4,74,16.668374
bull_2019,PETR4,75,25.028911
bull_2019,PETR4,76,-17.175951
bull_2019,PETR4,77,34.219203
bull_2019,PETR4,78,43.426019
bull_2019,PETR4,79,28.868652
bull_2019,PETR4,80,57.51728
bull_2019,PETR4,81,-7.20928
bull_2019,PETR4,82,20.22771
bull_2019,PETR4,83,10.437001
bull_2019,PETR4,84,11.224806
bull_2019,PETR4,85,-7.482999
bull_2019,PETR4,86,14.096363
bull_2019,PETR4,87,15.360152
bull_2019,PETR4,88,1.828226
bull_2019,PETR4,89,26.456521
bull_2019,PETR4,90,23.35854
bull_2019,PETR4,91,4.084129
bull_2019,PETR4,92,8.500425
bull_2019,PETR4,93,17.524627
bull_2019,PETR4,94,33.970194
bull_2019,PETR4,95,16.747303
bull_2019,PETR4,96,-1.651028
bull_2019,PETR4,97,17.217201
bull_2019,PETR4,98,22.644743
bull_2019,PETR4,99,21.46618
crisis_2020,PETR4,0,-25.667717
crisis_2020,PETR4,1,-5.677147
crisis_2020,PETR4,2,29.826415
crisis_2020,PETR4,3,5.534153
crisis_2020,PETR4,4,-49.028982
crisis_2020,PETR4,5,-30.338185
crisis_2020,PETR4,6,-20.105055
crisis_2020,PETR4,7,-34.231158
crisis_2020,PETR4,8,17.048949
crisis_2020,PETR4,9,21.351355
crisis_2020,PETR4,10,-26.015519
crisis_2020,PETR4,11,-25.591599
crisis_2020,PETR4,12,-16.660808
crisis_2020,PETR4,13,-38.426309
crisis_2020,PETR4,14,25.110064
crisis_2020,PETR4,15,6.203307
crisis_2020,PETR4,16,-40.814282
crisis_2020,PETR4,17,10.94512
crisis_2020,PETR4,18,-33.339333
crisis_2020,PETR4,19,-32.421795
crisis_2020,PETR4,20,-33.722706
crisis_2020,PETR4,21,-35.603452
crisis_2020,PETR4,22,12.651232
crisis_2020,PETR4,23,-32.413076
crisis_2020,PETR4,24,-37.498059
crisis_2020,PETR4,25,-8.781789
crisis_2020,PETR4,26,-39.804187
crisis_2020,PETR4,27,-38.372254
crisis_2020,PETR4,28,-18.828205
crisis_2020,PETR4,29,-32.104533
crisis_2020,PETR4,30,-48.509949
crisis_2020,PETR4,31,-18.30137
crisis_2020,PETR4,32,-44.001256
crisis_2020,PETR4,33,-7.071023
crisis_2020,PETR4,34,-11.61741
crisis_2020,PETR4,35,-25.98761
crisis_2020,PETR4,36,-14.879591
crisis_2020,PETR4,37,-26.17434
crisis_2020,PETR4,38,14.652747
crisis_2020,PETR4,39,6.695204
crisis_2020,PETR4,40,-26.11675
crisis_2020,PETR4,41,-36.070781
crisis_2020,PETR4,42,-57.558649
crisis_2020,PETR4,43,-43.45573
crisis_2020,PETR4,44,20.723547
crisis_2020,PETR4,45,7.529278
crisis_2020,PETR4,46,8.100581
crisis_2020,PETR4,47,-20.685595
crisis_2020,PETR4,48,-48.849158
crisis_2020,PETR4,49,-19.831061
crisis_2020,PETR4,50,-53.332217
crisis_2020,PETR4,51,-20.046056
crisis_2020,PETR4,52,-28.51074
crisis_2020,PETR4,53,-46.100936
crisis_2020,PETR4,54,-42.689474
crisis_2020,PETR4,55,-17.062541
crisis_2020,PETR4,56,-41.889308
crisis_2020,PETR4,57,-31.126772
crisis_2020,PETR4,58,26.348327
crisis_2020,PETR4,59,-19.543941
crisis_2020,PETR4,60,-18.469508
crisis_2020,PETR4,61,2.40089
crisis_2020,PETR4,62,-10.316903
crisis_2020,PETR4,63,-38.802076
crisis_2020,PETR4,64,-33.50332
crisis_2020,PETR4,65,-6.798395
crisis_2020,PETR4,66,-32.606989
crisis_2020,PETR4,67,-20.562006
crisis_2020,PETR4,68,-16.271183
crisis_2020,PETR4,69,-27.629188
crisis_2020,PETR4,70,5.012438
crisis_2020,PETR4,71,-5.211794
crisis_2020,PETR4,72,-8.480524
crisis_2020,PETR4,73,13.794407
crisis_2020,PETR4,74,-47.193114
crisis_2020,PETR4,75,-13.776827
crisis_2020,PETR4,76,22.853472
crisis_2020,PETR4,77,-51.201371
crisis_2020,PETR4,78,-21.999585
crisis_2020,PETR4,79,66.14478
crisis_2020,PETR4,80,-35.444524
crisis_2020,PETR4,81,-43.150489
crisis_2020,PETR4,82,-39.685378
crisis_2020,PETR4,83,13.500426
crisis_2020,PETR4,84,25.043855
crisis_2020,PETR4,85,0.625313
crisis_2020,PETR4,86,-5.204325
crisis_2020,PETR4,87,-46.419906
crisis_2020,PETR4,88,14.815861
crisis_2020,PETR4,89,-3.949202
crisis_2020,PETR4,90,-20.904607
crisis_2020,PETR4,91,-25.463545
crisis_2020,PETR4,92,-54.622132
crisis_2020,PETR4,93,-40.571092
crisis_2020,PETR4,94,62.000904
crisis_2020,PETR4,95,-31.723014
crisis_2020,PETR4,96,-40.642451
crisis_2020,PETR4,97,-12.986197
crisis_2020,PETR4,98,-5.302017
crisis_2020,PETR4,99,4.438498
recovery_2021,PETR4,0,-10.391147
recovery_2021,PETR4,1,-12.579696
recovery_2021,PETR4,2,13.735257
recovery_2021,PETR4,3,-0.278724
recovery_2021,PETR4,4,3.170853
recovery_2021,PETR4,5,-13.966878
recovery_2021,PETR4,6,13.987057
recovery_2021,PETR4,7,-29.543083
recovery_2021,PETR4,8,2.143945
recovery_2021,PETR4,9,-4.208231
recovery_2021,PETR4,10,-8.692181
recovery_2021,PETR4,11,-11.628444
recovery_2021,PETR4,12,-3.206669
recovery_2021,PETR4,13,-2.656033
recovery_2021,PETR4,14,7.024108
recovery_2021,PETR4,15,19.418683
recovery_2021,PETR4,16,-11.346832
recovery_2021,PETR4,17,-21.457625
recovery_2021,PETR4,18,-11.156142
recovery_2021,PETR4,19,15.604124
recovery_2021,PETR4,20,-27.857236
recovery_2021,PETR4,21,9.065972
recovery_2021,PETR4,22,-10.105281
recovery_2021,PETR4,23,22.039916
recovery_2021,PETR4,24,-27.824618
recovery_2021,PETR4,25,16.029195
recovery_2021,PETR4,26,7.894823
recovery_2021,PETR4,27,22.409563
recovery_2021,PETR4,28,-16.209634
recovery_2021,PETR4,29,9.741654
recovery_2021,PETR4,30,-25.748566
recovery_2021,PETR4,31,51.02853
recovery_2021,PETR4,32,-12.613943
recovery_2021,PETR4,33,-1.244328
recovery_2021,PETR4,34,14.000847
recovery_2021,PETR4,35,23.285712
recovery_2021,PETR4,36,50.213572
recovery_2021,PETR4,37,12.127465
recovery_2021,PETR4,38,0.585442
recovery_2021,PETR4,39,38.372201
recovery_2021,PETR4,40,28.129351
recovery_2021,PETR4,41,5.259036
recovery_2021,PETR4,42,-21.335354
recovery_2021,PETR4,43,18.303864
recovery_2021,PETR4,44,17.599933
recovery_2021,PETR4,45,-1.505477
recovery_2021,PETR4,46,35.404331
recovery_2021,PETR4,47,49.93614
recovery_2021,PETR4,48,8.800412
recovery_2021,PETR4,49,13.961308
recovery_2021,PETR4,50,-21.532803
recovery_2021,PETR4,51,22.106442
recovery_2021,PETR4,52,33.548612
recovery_2021,PETR4,53,22.013744
recovery_2021,PETR4,54,-1.181986
recovery_2021,PETR4,55,-1.062034
recovery_2021,PETR4,56,21.502024
recovery_2021,PETR4,57,-15.748744
recovery_2021,PETR4,58,3.053375
recovery_2021,PETR4,59,-1.007289
recovery_2021,PETR4,60,3.446261
recovery_2021,PETR4,61,19.351893
recovery_2021,PETR4,62,-0.694961
recovery_2021,PETR4,63,-20.148998
recovery_2021,PETR4,64,-13.401819
recovery_2021,PETR4,65,-9.272204
recovery_2021,PETR4,66,-19.532654
recovery_2021,PETR4,67,-0.115933
recovery_2021,PETR4,68,-6.840368
recovery_2021,PETR4,69,-2.604511
recovery_2021,PETR4,70,45.25609
recovery_2021,PETR4,71,-9.795116
recovery_2021,PETR4,72,-3.131097
recovery_2021,PETR4,73,27.083102
recovery_2021,PETR4,74,9.70125
recovery_2021,PETR4,75,11.550193
recovery_2021,PETR4,76,7.814778
recovery_2021,PETR4,77,15.750414
recovery_2021,PETR4,78,14.386531
recovery_2021,PETR4,79,30.433194
recovery_2021,PETR4,80,29.152035
recovery_2021,PETR4,81,-5.014074
recovery_2021,PETR4,82,6.49159
recovery_2021,PETR4,83,7.710167
recovery_2021,PETR4,84,-10.862728
recovery_2021,PETR4,85,1.005837
recovery_2021,PETR4,86,10.403375
recovery_2021,PETR4,87,8.946041
recovery_2021,PETR4,88,-24.957414
recovery_2021,PETR4,89,19.360055
recovery_2021,PETR4,90,1.480368
recovery_2021,PETR4,91,46.436895
recovery_2021,PETR4,92,19.577423
recovery_2021,PETR4,93,-1.573187
recovery_2021,PETR4,94,35.908839
recovery_2021,PETR4,95,6.01439
recovery_2021,PETR4,96,27.417829
recovery_2021,PETR4,97,-1.266972
recovery_2021,PETR4,98,-21.183928
recovery_2021,PETR4,99,30.921985
hi_rates_2022,PETR4,0,62.160644
hi_rates_2022,PETR4,1,-24.904926
hi_rates_2022,PETR4,2,17.954859
hi_rates_2022,PETR4,3,14.772952
hi_rates_2022,PETR4,4,89.669176
hi_rates_2022,PETR4,5,13.818213
hi_rates_2022,PETR4,6,-2.546633
hi_rates_2022,PETR4,7,-21.817382
hi_rates_2022,PETR4,8,-15.83527
hi_rates_2022,PETR4,9,-6.864662
hi_rates_2022,PETR4,10,0.013735
hi_rates_2022,PETR4,11,5.094166
hi_rates_2022,PETR4,12,-16.747611
hi_rates_2022,PETR4,13,97.248234
hi_rates_2022,PETR4,14,14.438194
hi_rates_2022,PETR4,15,7.731637
hi_rates_2022,PETR4,16,-11.29959
hi_rates_2022,PETR4,17,-22.713025
hi_rates_2022,PETR4,18,36.638264
hi_rates_2022,PETR4,19,47.626405
hi_rates_2022,PETR4,20,41.168179
hi_rates_2022,PETR4,21,3.858168
hi_rates_2022,PETR4,22,-5.95288
hi_rates_2022,PETR4,23,22.061297
hi_rates_2022,PETR4,24,14.557919
hi_rates_2022,PETR4,25,-1.853467
hi_rates_2022,PETR4,26,-14.494322
hi_rates_2022,PETR4,27,31.912988
hi_rates_2022,PETR4,28,48.804136
hi_rates_2022,PETR4,29,29.370054
hi_rates_2022,PETR4,30,20.834312
hi_rates_2022,PETR4,31,43.328495
hi_rates_2022,PETR4,32,16.69673
hi_rates_2022,PETR4,33,4.709283
hi_rates_2022,PETR4,34,2.839452
hi_rates_2022,PETR4,35,15.74862
hi_rates_2022,PETR4,36,41.554435
hi_rates_2022,PETR4,37,26.898237
hi_rates_2022,PETR4,38,38.420882
hi_rates_2022,PETR4,39,-0.056654
hi_rates_2022,PETR4,40,14.661901
hi_rates_2022,PETR4,41,26.178184
hi_rates_2022,PETR4,42,9.6478
hi_rates_2022,PETR4,43,18.226775
hi_rates_2022,PETR4,44,43.726446
hi_rates_2022,PETR4,45,47.650396
hi_rates_2022,PETR4,46,37.981879
hi_rates_2022,PETR4,47,43.764393
hi_rates_2022,PETR4,48,-1.968776
hi_rates_2022,PETR4,49,7.153685
hi_rates_2022,PETR4,50,12.772159
hi_rates_2022,PETR4,51,-34.990767
hi_rates_2022,PETR4,52,32.004324
hi_rates_2022,PETR4,53,-16.662592
hi_rates_2022,PETR4,54,-3.346459
hi_rates_2022,PETR4,55,-12.930543
hi_rates_2022,PETR4,56,-8.508594
hi_rates_2022,PETR4,57,10.034694
hi_rates_2022,PETR4,58,7.017712
hi_rates_2022,PETR4,59,-6.453337
hi_rates_2022,PETR4,60,4.830632
hi_rates_2022,PETR4,61,-27.285786
hi_rates_2022,PETR4,62,66.095683
hi_rates_2022,PETR4,63,20.005101
hi_rates_2022,PETR4,64,28.512293
hi_rates_2022,PETR4,65,33.133613
hi_rates_2022,PETR4,66,33.544562
hi_rates_2022,PETR4,67,18.997991
hi_rates_2022,PETR4,68,-15.244825
hi_rates_2022,PETR4,69,4.672689
hi_rates_2022,PETR4,70,33.543853
hi_rates_2022,PETR4,71,27.001042
hi_rates_2022,PETR4,72,16.044321
hi_rates_2022,PETR4,73,3.656033
hi_rates_2022,PETR4,74,-7.01344
hi_rates_2022,PETR4,75,65.444515
hi_rates_2022,PETR4,76,24.205644
hi_rates_2022,PETR4,77,-8.698821
hi_rates_2022,PETR4,78,16.45935
hi_rates_2022,PETR4,79,9.547008
hi_rates_2022,PETR4,80,18.036216
hi_rates_2022,PETR4,81,-3.984916
hi_rates_2022,PETR4,82,-3.561406
hi_rates_2022,PETR4,83,35.605356
hi_rates_2022,PETR4,84,62.458066
hi_rates_2022,PETR4,85,-5.555087
hi_rates_2022,PETR4,86,-11.54623
hi_rates_2022,PETR4,87,1.941422
hi_rates_2022,PETR4,88,-12.643252
hi_rates_2022,PETR4,89,-6.888511
hi_rates_2022,PETR4,90,-25.132556
hi_rates_2022,PETR4,91,-0.333727
hi_rates_2022,PETR4,92,46.458578
hi_rates_2022,PETR4,93,29.323958
hi_rates_2022,PETR4,94,34.563719
hi_rates_2022,PETR4,95,10.530107
hi_rates_2022,PETR4,96,4.367475
hi_rates_2022,PETR4,97,65.348919
hi_rates_2022,PETR4,98,10.631407
hi_rates_2022,PETR4,99,34.510966
bull_2019,VALE3,0,-16.51915
bull_2019,VALE3,1,19.422062
bull_2019,VALE3,2,18.220313
bull_2019,VALE3,3,-6.298565
bull_2019,VALE3,4,-13.38136
bull_2019,VALE3,5,-1.264826
bull_2019,VALE3,6,7.251254
bull_2019,VALE3,7,49.862063
bull_2019,VALE3,8,15.412082
bull_2019,VALE3,9,36.911321
bull_2019,VALE3,10,9.929844
bull_2019,VALE3,11,-3.108591
bull_2019,VALE3,12,-11.451542
bull_2019,VALE3,13,-28.166595
bull_2019,VALE3,14,4.652206
bull_2019,VALE3,15,-3.913922
bull_2019,VALE3,16,19.889815
bull_2019,VALE3,17,1.27233
bull_2019,VALE3,18,15.228311
bull_2019,VALE3,19,4.459912
bull_2019,VALE3,20,3.763162
bull_2019,VALE3,21,17.646423
bull_2019,VALE3,22,5.201266
bull_2019,VALE3,23,-3.518615
bull_2019,VALE3,24,-17.975204
bull_2019,VALE3,25,-9.14849
bull_2019,VALE3,26,19.506142
bull_2019,VALE3,27,-13.680417
bull_2019,VALE3,28,-4.496199
bull_2019,VALE3,29,26.094931
bull_2019,VALE3,30,-3.491753
bull_2019,VALE3,31,-4.46141
bull_2019,VALE3,32,-2.983026
bull_2019,VALE3,33,41.633172
bull_2019,VALE3,34,-13.462051
bull_2019,VALE3,35,5.474169
bull_2019,VALE3,36,21.958918
bull_2019,VALE3,37,-2.581993
bull_2019,VALE3,38,21.478373
bull_2019,VALE3,39,-17.040312
bull_2019,VALE3,40,4.678623
bull_2019,VALE3,41,-13.176322
bull_2019,VALE3,42,21.974781
bull_2019,VALE3,43,15.701294
bull_2019,VALE3,44,-11.241641
bull_2019,VALE3,45,12.335988
bull_2019,VALE3,46,-24.596027
bull_2019,VALE3,47,11.707086
bull_2019,VALE3,48,41.556138
bull_2019,VALE3,49,1.397387
bull_2019,VALE3,50,4.644791
bull_2019,VALE3,51,7.657093
bull_2019,VALE3,52,-24.993281
bull_2019,VALE3,53,33.395562
bull_2019,VALE3,54,-34.814103
bull_2019,VALE3,55,37.843413
bull_2019,VALE3,56,50.428626
bull_2019,VALE3,57,-45.879947
bull_2019,VALE3,58,22.894937
bull_2019,VALE3,59,42.03108
bull_2019,VALE3,60,15.249943
bull_2019,VALE3,61,-7.740516
bull_2019,VALE3,62,19.267516
bull_2019,VALE3,63,13.927177
bull_2019,VALE3,64,1.358833
bull_2019,VALE3,65,31.937929
bull_2019,VALE3,66,-18.983306
bull_2019,VALE3,67,0.105995
bull_2019,VALE3,68,9.576756
bull_2019,VALE3,69,40.724875
bull_2019,VALE3,70,-9.462242
bull_2019,VALE3,71,-0.470613
bull_2019,VALE3,72,-21.804946
bull_2019,VALE3,73,-12.476411
bull_2019,VALE3,74,33.683942
bull_2019,VALE3,75,8.79885
bull_2019,VALE3,76,-29.474262
bull_2019,VALE3,77,18.456406
bull_2019,VALE3,78,32.57115
bull_2019,VALE3,79,-7.81877
bull_2019,VALE3,80,27.257975
bull_2019,VALE3,81,7.34728
bull_2019,VALE3,82,25.668094
bull_2019,VALE3,83,22.8752
bull_2019,VALE3,84,-10.167007
bull_2019,VALE3,85,3.688488
bull_2019,VALE3,86,31.83008
bull_2019,VALE3,87,14.856146
bull_2019,VALE3,88,3.690705
bull_2019,VALE3,89,-7.282945
bull_2019,VALE3,90,30.81262
bull_2019,VALE3,91,-4.227921
bull_2019,VALE3,92,-5.757959
bull_2019,VALE3,93,12.992477
bull_2019,VALE3,94,13.551384
bull_2019,VALE3,95,-7.0607
bull_2019,VALE3,96,13.459105
bull_2019,VALE3,97,4.175656
bull_2019,VALE3,98,-9.5369
bull_2019,VALE3,99,-12.174633
crisis_2020,VALE3,0,2.152264
crisis_2020,VALE3,1,30.050253
crisis_2020,VALE3,2,20.739946
crisis_2020,VALE3,3,21.52651
crisis_2020,VALE3,4,-3.233157
crisis_2020,VALE3,5,-20.806829
crisis_2020,VALE3,6,5.874353
crisis_2020,VALE3,7,-16.874202
crisis_2020,VALE3,8,44.56232
crisis_2020,VALE3,9,10.786006
crisis_2020,VALE3,10,-1.909137
crisis_2020,VALE3,11,-6.955426
crisis_2020,VALE3,12,-12.891069
crisis_2020,VALE3,13,-4.0133
crisis_2020,VALE3,14,14.826648
crisis_2020,VALE3,15,8.848492
crisis_2020,VALE3,16,-31.431631
crisis_2020,VALE3,17,5.476861
crisis_2020,VALE3,18,10.045007
crisis_2020,VALE3,19,18.0507
crisis_2020,VALE3,20,-25.147959
crisis_2020,VALE3,21,-22.497529
crisis_2020,VALE3,22,24.136876
crisis_2020,VALE3,23,-27.691757
crisis_2020,VALE3,24,-27.303867
crisis_2020,VALE3,25,14.72727
crisis_2020,VALE3,26,-10.677618
crisis_2020,VALE3,27,0.721497
crisis_2020,VALE3,28,-5.400203
crisis_2020,VALE3,29,-7.033035
crisis_2020,VALE3,30,-35.063478
crisis_2020,VALE3,31,-4.342186
crisis_2020,VALE3,32,4.233013
crisis_2020,VALE3,33,6.972077
crisis_2020,VALE3,34,-15.299784
crisis_2020,VALE3,35,-10.297145
crisis_2020,VALE3,36,-3.264975
crisis_2020,VALE3,37,-0.394144
crisis_2020,VALE3,38,16.377788
crisis_2020,VALE3,39,32.483767
crisis_2020,VALE3,40,27.722939
crisis_2020,VALE3,41,-20.794854
crisis_2020,VALE3,42,-22.281238
crisis_2020,VALE3,43,-31.896485
crisis_2020,VALE3,44,21.122625
crisis_2020,VALE3,45,6.097098
crisis_2020,VALE3,46,2.513192
crisis_2020,VALE3,47,16.116101
crisis_2020,VALE3,48,-0.06242
crisis_2020,VALE3,49,-2.458412
crisis_2020,VALE3,50,-25.873925
crisis_2020,VALE3,51,-4.340131
crisis_2020,VALE3,52,31.480594
crisis_2020,VALE3,53,-13.087562
crisis_2020,VALE3,54,-33.922573
crisis_2020,VALE3,55,-14.151721
crisis_2020,VALE3,56,8.133282
crisis_2020,VALE3,57,-8.045234
crisis_2020,VALE3,58,15.52873
crisis_2020,VALE3,59,30.894039
crisis_2020,VALE3,60,15.552465
crisis_2020,VALE3,61,12.718923
crisis_2020,VALE3,62,12.278306
crisis_2020,VALE3,63,-15.862623
crisis_2020,VALE3,64,-10.589541
crisis_2020,VALE3,65,3.095949
crisis_2020,VALE3,66,-12.377447
crisis_2020,VALE3,67,4.168679
crisis_2020,VALE3,68,33.490988
crisis_2020,VALE3,69,-17.191021
crisis_2020,VALE3,70,20.268175
crisis_2020,VALE3,71,-12.446871
crisis_2020,VALE3,72,12.904769
crisis_2020,VALE3,73,31.142448
crisis_2020,VALE3,74,-23.857043
crisis_2020,VALE3,75,-7.762728
crisis_2020,VALE3,76,12.524644
crisis_2020,VALE3,77,-29.409031
crisis_2020,VALE3,78,-5.297924
crisis_2020,VALE3,79,29.181394
crisis_2020,VALE3,80,-21.983359
crisis_2020,VALE3,81,-9.503202
crisis_2020,VALE3,82,-10.557126
crisis_2020,VALE3,83,41.506993
crisis_2020,VALE3,84,9.472665
crisis_2020,VALE3,85,28.040333
crisis_2020,VALE3,86,0.100218
crisis_2020,VALE3,87,-8.490999
crisis_2020,VALE3,88,-1.071965
crisis_2020,VALE3,89,12.992843
crisis_2020,VALE3,90,2.704985
crisis_2020,VALE3,91,3.138337
crisis_2020,VALE3,92,-9.413692
crisis_2020,VALE3,93,-23.81709
crisis_2020,VALE3,94,56.778959
crisis_2020,VALE3,95,-22.44717
crisis_2020,VALE3,96,-11.084259
crisis_2020,VALE3,97,11.309026
crisis_2020,VALE3,98,-14.85324
crisis_2020,VALE3,99,28.664767
recovery_2021,VALE3,0,17.615847
recovery_2021,VALE3,1,27.615565
recovery_2021,VALE3,2,22.351497
recovery_2021,VALE3,3,-0.158285
recovery_2021,VALE3,4,12.946893
recovery_2021,VALE3,5,19.931865
recovery_2021,VALE3,6,13.913585
recovery_2021,VALE3,7,18.007312
recovery_2021,VALE3,8,12.175336
recovery_2021,VALE3,9,16.867022
recovery_2021,VALE3,10,27.196271
recovery_2021,VALE3,11,3.928759
recovery_2021,VALE3,12,9.780195
recovery_2021,VALE3,13,-11.652592
recovery_2021,VALE3,14,34.914933
recovery_2021,VALE3,15,23.667915
recovery_2021,VALE3,16,0.203978
recovery_2021,VALE3,17,29.167204
recovery_2021,VALE3,18,17.75712
recovery_2021,VALE3,19,13.69405
recovery_2021,VALE3,20,14.868789
recovery_2021,VALE3,21,14.041632
recovery_2021,VALE3,22,25.776473
recovery_2021,VALE3,23,8.097725
recovery_2021,VALE3,24,16.887247
recovery_2021,VALE3,25,14.522136
recovery_2021,VALE3,26,39.585236
recovery_2021,VALE3,27,9.522552
recovery_2021,VALE3,28,-1.833992
recovery_2021,VALE3,29,18.908411
recovery_2021,VALE3,30,3.469951
recovery_2021,VALE3,31,16.759281
recovery_2021,VALE3,32,28.129034
recovery_2021,VALE3,33,13.915655
recovery_2021,VALE3,34,6.370346
recovery_2021,VALE3,35,26.182913
recovery_2021,VALE3,36,8.957731
recovery_2021,VALE3,37,5.8184
recovery_2021,VALE3,38,-11.611412
recovery_2021,VALE3,39,6.534168
recovery_2021,VALE3,40,19.511777
recovery_2021,VALE3,41,30.333526
recovery_2021,VALE3,42,27.814493
recovery_2021,VALE3,43,17.945578
recovery_2021,VALE3,44,6.103202
recovery_2021,VALE3,45,15.810584
recovery_2021,VALE3,46,9.144625
recovery_2021,VALE3,47,0.140139
recovery_2021,VALE3,48,-7.561733
recovery_2021,VALE3,49,13.424117
recovery_2021,VALE3,50,14.13403
recovery_2021,VALE3,51,14.408213
recovery_2021,VALE3,52,21.364617
recovery_2021,VALE3,53,25.192472
recovery_2021,VALE3,54,13.513141
recovery_2021,VALE3,55,13.741298
recovery_2021,VALE3,56,22.22628
recovery_2021,VALE3,57,5.995317
recovery_2021,VALE3,58,17.890086
recovery_2021,VALE3,59,2.327611
recovery_2021,VALE3,60,8.857388
recovery_2021,VALE3,61,39.158569
recovery_2021,VALE3,62,5.478401
recovery_2021,VALE3,63,-10.807992
recovery_2021,VALE3,64,62.478128
recovery_2021,VALE3,65,7.755166
recovery_2021,VALE3,66,28.252351
recovery_2021,VALE3,67,35.94257
recovery_2021,VALE3,68,2.288548
recovery_2021,VALE3,69,9.046584
recovery_2021,VALE3,70,30.61732
recovery_2021,VALE3,71,11.007517
recovery_2021,VALE3,72,23.192991
recovery_2021,VALE3,73,39.1307
recovery_2021,VALE3,74,31.573846
recovery_2021,VALE3,75,-12.891615
recovery_2021,VALE3,76,9.793199
recovery_2021,VALE3,77,21.722299
recovery_2021,VALE3,78,11.062451
recovery_2021,VALE3,79,3.454819
recovery_2021,VALE3,80,19.981479
recovery_2021,VALE3,81,26.713382
recovery_2021,VALE3,82,18.01404
recovery_2021,VALE3,83,8.225186
recovery_2021,VALE3,84,-0.383895
recovery_2021,VALE3,85,1.589891
recovery_2021,VALE3,86,3.242539
recovery_2021,VALE3,87,32.427286
recovery_2021,VALE3,88,13.835549
recovery_2021,VALE3,89,12.721676
recovery_2021,VALE3,90,33.407887
recovery_2021,VALE3,91,31.196379
recovery_2021,VALE3,92,7.002918
recovery_2021,VALE3,93,-1.05676
recovery_2021,VALE3,94,24.999754
recovery_2021,VALE3,95,-3.325346
recovery_2021,VALE3,96,15.694929
recovery_2021,VALE3,97,31.456068
recovery_2021,VALE3,98,26.76483
recovery_2021,VALE3,99,11.048271
hi_rates_2022,VALE3,0,16.295969
hi_rates_2022,VALE3,1,30.837476
hi_rates_2022,VALE3,2,29.802134
hi_rates_2022,VALE3,3,69.563408
hi_rates_2022,VALE3,4,37.603902
hi_rates_2022,VALE3,5,22.616914
hi_rates_2022,VALE3,6,-32.787137
hi_rates_2022,VALE3,7,-1.044298
hi_rates_2022,VALE3,8,26.92875
hi_rates_2022,VALE3,9,5.456577
hi_rates_2022,VALE3,10,-14.726573
hi_rates_2022,VALE3,11,7.262461
hi_rates_2022,VALE3,12,-17.80886
hi_rates_2022,VALE3,13,4.698536
hi_rates_2022,VALE3,14,42.460964
hi_rates_2022,VALE3,15,45.029283
hi_rates_2022,VALE3,16,21.904661
hi_rates_2022,VALE3,17,-15.487028
hi_rates_2022,VALE3,18,18.59761
hi_rates_2022,VALE3,19,38.668522
hi_rates_2022,VALE3,20,65.529567
hi_rates_2022,VALE3,21,30.289139
hi_rates_2022,VALE3,22,22.272265
hi_rates_2022,VALE3,23,28.587763
hi_rates_2022,VALE3,24,7.092098
hi_rates_2022,VALE3,25,-15.420358
hi_rates_2022,VALE3,26,5.857443
hi_rates_2022,VALE3,27,31.785574
hi_rates_2022,VALE3,28,-5.608045
hi_rates_2022,VALE3,29,19.889033
hi_rates_2022,VALE3,30,35.481253
hi_rates_2022,VALE3,31,-1.106045
hi_rates_2022,VALE3,32,-1.269937
hi_rates_2022,VALE3,33,32.847072
hi_rates_2022,VALE3,34,1.341946
hi_rates_2022,VALE3,35,65.049286
hi_rates_2022,VALE3,36,-9.587139
hi_rates_2022,VALE3,37,14.28651
hi_rates_2022,VALE3,38,-5.390391
hi_rates_2022,VALE3,39,2.314174
hi_rates_2022,VALE3,40,16.560886
hi_rates_2022,VALE3,41,9.539409
hi_rates_2022,VALE3,42,5.531592
hi_rates_2022,VALE3,43,26.760207
hi_rates_2022,VALE3,44,-1.694535
hi_rates_2022,VALE3,45,-0.075409
hi_rates_2022,VALE3,46,-20.598486
hi_rates_2022,VALE3,47,-0.990687
hi_rates_2022,VALE3,48,7.346307
hi_rates_2022,VALE3,49,-23.443571
hi_rates_2022,VALE3,50,18.785924
hi_rates_2022,VALE3,51,47.644502
hi_rates_2022,VALE3,52,32.946447
hi_rates_2022,VALE3,53,-19.085635
hi_rates_2022,VALE3,54,-23.037812
hi_rates_2022,VALE3,55,-6.536346
hi_rates_2022,VALE3,56,13.024363
hi_rates_2022,VALE3,57,15.500158
hi_rates_2022,VALE3,58,35.836433
hi_rates_2022,VALE3,59,24.44446
hi_rates_2022,VALE3,60,-1.803904
hi_rates_2022,VALE3,61,-4.02104
hi_rates_2022,VALE3,62,15.132733
hi_rates_2022,VALE3,63,-2.133139
hi_rates_2022,VALE3,64,-15.297312
hi_rates_2022,VALE3,65,-9.098675
hi_rates_2022,VALE3,66,-12.888721
hi_rates_2022,VALE3,67,38.515847
hi_rates_2022,VALE3,68,-27.93218
hi_rates_2022,VALE3,69,0.458123
hi_rates_2022,VALE3,70,-4.89296
hi_rates_2022,VALE3,71,16.055254
hi_rates_2022,VALE3,72,-6.982263
hi_rates_2022,VALE3,73,-0.359709
hi_rates_2022,VALE3,74,35.081584
hi_rates_2022,VALE3,75,12.643855
hi_rates_2022,VALE3,76,45.00213
hi_rates_2022,VALE3,77,5.838178
hi_rates_2022,VALE3,78,27.163001
hi_rates_2022,VALE3,79,13.370998
hi_rates_2022,VALE3,80,38.460238
hi_rates_2022,VALE3,81,-3.421305
hi_rates_2022,VALE3,82,37.155041
hi_rates_2022,VALE3,83,-11.438605
hi_rates_2022,VALE3,84,34.368771
hi_rates_2022,VALE3,85,41.798232
hi_rates_2022,VALE3,86,29.310724
hi_rates_2022,VALE3,87,4.300088
hi_rates_2022,VALE3,88,-13.818767
hi_rates_2022,VALE3,89,22.63836
hi_rates_2022,VALE3,90,17.034696
hi_rates_2022,VALE3,91,32.293258
hi_rates_2022,VALE3,92,35.110256
hi_rates_2022,VALE3,93,10.538161
hi_rates_2022,VALE3,94,-2.556981
hi_rates_2022,VALE3,95,-13.234354
hi_rates_2022,VALE3,96,-19.636539
hi_rates_2022,VALE3,97,-7.246195
hi_rates_2022,VALE3,98,-3.660061
hi_rates_2022,VALE3,99,5.820967
bull_2019,ITUB4,0,-1.020441
bull_2019,ITUB4,1,-10.691086
bull_2019,ITUB4,2,-0.820019
bull_2019,ITUB4,3,6.996304
bull_2019,ITUB4,4,-11.304593
bull_2019,ITUB4,5,-6.183728
bull_2019,ITUB4,6,24.463149
bull_2019,ITUB4,7,3.535808
bull_2019,ITUB4,8,28.43017
bull_2019,ITUB4,9,-6.171987
bull_2019,ITUB4,10,-1.753641
bull_2019,ITUB4,11,27.269652
bull_2019,ITUB4,12,20.03674
bull_2019,ITUB4,13,-12.360997
bull_2019,ITUB4,14,12.589054
bull_2019,ITUB4,15,10.880167
bull_2019,ITUB4,16,1.42284
bull_2019,ITUB4,17,-0.36781
bull_2019,ITUB4,18,-13.076155
bull_2019,ITUB4,19,-8.274097
bull_2019,ITUB4,20,-18.748387
bull_2019,ITUB4,21,13.507812
bull_2019,ITUB4,22,5.14603
bull_2019,ITUB4,23,16.170241
bull_2019,ITUB4,24,-16.543166
bull_2019,ITUB4,25,-2.898837
bull_2019,ITUB4,26,36.489554
bull_2019,ITUB4,27,-20.581827
bull_2019,ITUB4,28,17.559669
bull_2019,ITUB4,29,14.013163
bull_2019,ITUB4,30,0.647619
bull_2019,ITUB4,31,6.629969
bull_2019,ITUB4,32,5.948352
bull_2019,ITUB4,33,2.994971
bull_2019,ITUB4,34,10.598766
bull_2019,ITUB4,35,-13.001713
bull_2019,ITUB4,36,5.440506
bull_2019,ITUB4,37,-10.455123
bull_2019,ITUB4,38,12.491683
bull_2019,ITUB4,39,10.787612
bull_2019,ITUB4,40,25.724458
bull_2019,ITUB4,41,2.981424
bull_2019,ITUB4,42,0.886006
bull_2019,ITUB4,43,0.18354
bull_2019,ITUB4,44,0.952065
bull_2019,ITUB4,45,3.63344
bull_2019,ITUB4,46,-6.24471
bull_2019,ITUB4,47,-5.635774
bull_2019,ITUB4,48,18.025399
bull_2019,ITUB4,49,45.080168
bull_2019,ITUB4,50,-9.258682
bull_2019,ITUB4,51,12.867347
bull_2019,ITUB4,52,1.505706
bull_2019,ITUB4,53,-0.331408
bull_2019,ITUB4,54,-6.093046
bull_2019,ITUB4,55,6.301149
bull_2019,ITUB4,56,13.23775
bull_2019,ITUB4,57,-5.051531
bull_2019,ITUB4,58,-14.128905
bull_2019,ITUB4,59,-0.067071
bull_2019,ITUB4,60,28.234318
bull_2019,ITUB4,61,4.628225
bull_2019,ITUB4,62,6.819304
bull_2019,ITUB4,63,7.756809
bull_2019,ITUB4,64,32.440495
bull_2019,ITUB4,65,-9.519214
bull_2019,ITUB4,66,-10.779621
bull_2019,ITUB4,67,4.06907
bull_2019,ITUB4,68,6.877681
bull_2019,ITUB4,69,-8.865838
bull_2019,ITUB4,70,4.101975
bull_2019,ITUB4,71,15.750407
bull_2019,ITUB4,72,2.158874
bull_2019,ITUB4,73,3.77026
bull_2019,ITUB4,74,11.969215
bull_2019,ITUB4,75,-18.006336
bull_2019,ITUB4,76,0.238835
bull_2019,ITUB4,77,22.063484
bull_2019,ITUB4,78,1.734569
bull_2019,ITUB4,79,20.990899
bull_2019,ITUB4,80,17.841086
bull_2019,ITUB4,81,3.458418
bull_2019,ITUB4,82,29.259636
bull_2019,ITUB4,83,-6.831064
bull_2019,ITUB4,84,5.531699
bull_2019,ITUB4,85,2.521825
bull_2019,ITUB4,86,-1.395983
bull_2019,ITUB4,87,16.121739
bull_2019,ITUB4,88,1.270305
bull_2019,ITUB4,89,2.784997
bull_2019,ITUB4,90,-2.744153
bull_2019,ITUB4,91,-18.311997
bull_2019,ITUB4,92,-8.600826
bull_2019,ITUB4,93,-7.506877
bull_2019,ITUB4,94,-12.263674
bull_2019,ITUB4,95,1.894999
bull_2019,ITUB4,96,4.43732
bull_2019,ITUB4,97,-1.206408
bull_2019,ITUB4,98,19.388603
bull_2019,ITUB4,99,24.563415
crisis_2020,ITUB4,0,-10.742305
crisis_2020,ITUB4,1,-9.747965
crisis_2020,ITUB4,2,21.095366
crisis_2020,ITUB4,3,-4.471485
crisis_2020,ITUB4,4,-27.596364
crisis_2020,ITUB4,5,-26.677619
crisis_2020,ITUB4,6,-6.843278
crisis_2020,ITUB4,7,-11.47675
crisis_2020,ITUB4,8,20.671579
crisis_2020,ITUB4,9,-1.081781
crisis_2020,ITUB4,10,-7.230887
crisis_2020,ITUB4,11,-34.998319
crisis_2020,ITUB4,12,-36.248962
crisis_2020,ITUB4,13,-16.851884
crisis_2020,ITUB4,14,-16.228148
crisis_2020,ITUB4,15,-8.427831
crisis_2020,ITUB4,16,-31.167766
crisis_2020,ITUB4,17,-27.267289
crisis_2020,ITUB4,18,-25.99866
crisis_2020,ITUB4,19,-30.543252
crisis_2020,ITUB4,20,-25.235536
crisis_2020,ITUB4,21,-33.884852
crisis_2020,ITUB4,22,-12.528805
crisis_2020,ITUB4,23,-43.818127
crisis_2020,ITUB4,24,-28.005458
crisis_2020,ITUB4,25,-14.151513
crisis_2020,ITUB4,26,-9.267491
crisis_2020,ITUB4,27,-5.338159
crisis_2020,ITUB4,28,-26.057094
crisis_2020,ITUB4,29,6.263013
crisis_2020,ITUB4,30,-27.239976
crisis_2020,ITUB4,31,-32.058703
crisis_2020,ITUB4,32,-16.661503
crisis_2020,ITUB4,33,-1.948592
crisis_2020,ITUB4,34,-17.013496
crisis_2020,ITUB4,35,-15.5781
crisis_2020,ITUB4,36,4.89653
crisis_2020,ITUB4,37,-34.212678
crisis_2020,ITUB4,38,0.061253
crisis_2020,ITUB4,39,13.334521
crisis_2020,ITUB4,40,-15.558935
crisis_2020,ITUB4,41,-6.81674
crisis_2020,ITUB4,42,-20.89416
crisis_2020,ITUB4,43,-36.965875
crisis_2020,ITUB4,44,12.296629
crisis_2020,ITUB4,45,-6.31262
crisis_2020,ITUB4,46,-12.674035
crisis_2020,ITUB4,47,6.703754
crisis_2020,ITUB4,48,-24.222935
crisis_2020,ITUB4,49,-8.423033
crisis_2020,ITUB4,50,-22.937051
crisis_2020,ITUB4,51,-28.136652
crisis_2020,ITUB4,52,-9.985713
crisis_2020,ITUB4,53,-22.230204
crisis_2020,ITUB4,54,-26.282797
crisis_2020,ITUB4,55,-34.590067
crisis_2020,ITUB4,56,-27.933118
crisis_2020,ITUB4,57,-2.406856
crisis_2020,ITUB4,58,-18.555438
crisis_2020,ITUB4,59,-15.864201
crisis_2020,ITUB4,60,-13.770133
crisis_2020,ITUB4,61,10.486454
crisis_2020,ITUB4,62,6.018864
crisis_2020,ITUB4,63,-19.628595
crisis_2020,ITUB4,64,3.179273
crisis_2020,ITUB4,65,-17.756069
crisis_2020,ITUB4,66,-1.209735
crisis_2020,ITUB4,67,-16.839066
crisis_2020,ITUB4,68,-1.887488
crisis_2020,ITUB4,69,-28.191436
crisis_2020,ITUB4,70,-5.446704
crisis_2020,ITUB4,71,-18.427645
crisis_2020,ITUB4,72,-1.554483
crisis_2020,ITUB4,73,12.691755
crisis_2020,ITUB4,74,-33.386122
crisis_2020,ITUB4,75,-21.806322
crisis_2020,ITUB4,76,-9.466539
crisis_2020,ITUB4,77,-22.09239
crisis_2020,ITUB4,78,-2.234042
crisis_2020,ITUB4,79,41.560956
crisis_2020,ITUB4,80,-17.868766
crisis_2020,ITUB4,81,-21.873148
crisis_2020,ITUB4,82,-18.13146
crisis_2020,ITUB4,83,36.780451
crisis_2020,ITUB4,84,-21.532943
crisis_2020,ITUB4,85,-5.359623
crisis_2020,ITUB4,86,-13.03774
crisis_2020,ITUB4,87,-26.175178
crisis_2020,ITUB4,88,-6.447186
crisis_2020,ITUB4,89,-22.039224
crisis_2020,ITUB4,90,-15.913872
crisis_2020,ITUB4,91,-3.628582
crisis_2020,ITUB4,92,-23.074722
crisis_2020,ITUB4,93,-25.732896
crisis_2020,ITUB4,94,-4.678428
crisis_2020,ITUB4,95,-1.434159
crisis_2020,ITUB4,96,-1.107179
crisis_2020,ITUB4,97,-9.637008
crisis_2020,ITUB4,98,-11.143567
crisis_2020,ITUB4,99,-11.190475
recovery_2021,ITUB4,0,2.545377
recovery_2021,ITUB4,1,-1.27699
recovery_2021,ITUB4,2,-5.491368
recovery_2021,ITUB4,3,-1.01044
recovery_2021,ITUB4,4,1.833858
recovery_2021,ITUB4,5,-9.292257
recovery_2021,ITUB4,6,-0.075486
recovery_2021,ITUB4,7,-20.973379
recovery_2021,ITUB4,8,-12.350206
recovery_2021,ITUB4,9,10.469319
recovery_2021,ITUB4,10,-4.808391
recovery_2021,ITUB4,11,-7.917133
recovery_2021,ITUB4,12,9.990607
recovery_2021,ITUB4,13,-11.803246
recovery_2021,ITUB4,14,-2.512983
recovery_2021,ITUB4,15,-1.157829
recovery_2021,ITUB4,16,-18.999587
recovery_2021,ITUB4,17,-7.642119
recovery_2021,ITUB4,18,2.95426
recovery_2021,ITUB4,19,-7.462174
recovery_2021,ITUB4,20,-8.614231
recovery_2021,ITUB4,21,-15.402937
recovery_2021,ITUB4,22,-6.464299
recovery_2021,ITUB4,23,13.391127
recovery_2021,ITUB4,24,-4.02443
recovery_2021,ITUB4,25,26.73933
recovery_2021,ITUB4,26,-13.892962
recovery_2021,ITUB4,27,7.356877
recovery_2021,ITUB4,28,1.189033
recovery_2021,ITUB4,29,13.705256
recovery_2021,ITUB4,30,-17.766213
recovery_2021,ITUB4,31,1.568455
recovery_2021,ITUB4,32,-5.722203
recovery_2021,ITUB4,33,3.412113
recovery_2021,ITUB4,34,-6.579684
recovery_2021,ITUB4,35,22.665295
recovery_2021,ITUB4,36,19.839257
recovery_2021,ITUB4,37,4.897146
recovery_2021,ITUB4,38,-9.250493
recovery_2021,ITUB4,39,-5.405451
recovery_2021,ITUB4,40,-17.218756
recovery_2021,ITUB4,41,7.652313
recovery_2021,ITUB4,42,-28.23219
recovery_2021,ITUB4,43,-2.203287
recovery_2021,ITUB4,44,0.544312
recovery_2021,ITUB4,45,-4.220219
recovery_2021,ITUB4,46,32.533562
recovery_2021,ITUB4,47,16.400317
recovery_2021,ITUB4,48,-6.681922
recovery_2021,ITUB4,49,5.333307
recovery_2021,ITUB4,50,-14.162336
recovery_2021,ITUB4,51,22.127677
recovery_2021,ITUB4,52,21.554123
recovery_2021,ITUB4,53,9.870739
recovery_2021,ITUB4,54,-6.161715
recovery_2021,ITUB4,55,17.008364
recovery_2021,ITUB4,56,3.880691
recovery_2021,ITUB4,57,-4.880145
recovery_2021,ITUB4,58,3.782718
recovery_2021,ITUB4,59,-7.110492
recovery_2021,ITUB4,60,6.045821
recovery_2021,ITUB4,61,4.664138
recovery_2021,ITUB4,62,-6.566383
recovery_2021,ITUB4,63,-23.628796
recovery_2021,ITUB4,64,-4.698835
recovery_2021,ITUB4,65,-3.864233
recovery_2021,ITUB4,66,-17.268316
recovery_2021,ITUB4,67,-4.357939
recovery_2021,ITUB4,68,-8.064637
recovery_2021,ITUB4,69,9.333709
recovery_2021,ITUB4,70,1.974486
recovery_2021,ITUB4,71,5.970364
recovery_2021,ITUB4,72,4.607968
recovery_2021,ITUB4,73,7.643632
recovery_2021,ITUB4,74,17.451988
recovery_2021,ITUB4,75,-2.702212
recovery_2021,ITUB4,76,15.014957
recovery_2021,ITUB4,77,-2.615486
recovery_2021,ITUB4,78,-5.501083
recovery_2021,ITUB4,79,4.457979
recovery_2021,ITUB4,80,-4.349152
recovery_2021,ITUB4,81,25.325086
recovery_2021,ITUB4,82,-8.892997
recovery_2021,ITUB4,83,-12.883648
recovery_2021,ITUB4,84,-10.600741
recovery_2021,ITUB4,85,-10.34177
recovery_2021,ITUB4,86,0.316298
recovery_2021,ITUB4,87,-5.08856
recovery_2021,ITUB4,88,0.817468
recovery_2021,ITUB4,89,16.410614
recovery_2021,ITUB4,90,7.589371
recovery_2021,ITUB4,91,30.2563
recovery_2021,ITUB4,92,1.686105
recovery_2021,ITUB4,93,13.418775
recovery_2021,ITUB4,94,25.119798
recovery_2021,ITUB4,95,-9.221795
recovery_2021,ITUB4,96,-2.041304
recovery_2021,ITUB4,97,-14.866405
recovery_2021,ITUB4,98,-16.479531
recovery_2021,ITUB4,99,14.246511
hi_rates_2022,ITUB4,0,5.177334
hi_rates_2022,ITUB4,1,-0.877392
hi_rates_2022,ITUB4,2,-0.818307
hi_rates_2022,ITUB4,3,12.256141
hi_rates_2022,ITUB4,4,34.247445
hi_rates_2022,ITUB4,5,11.175581
hi_rates_2022,ITUB4,6,-9.776894
hi_rates_2022,ITUB4,7,10.956359
hi_rates_2022,ITUB4,8,-7.327812
hi_rates_2022,ITUB4,9,-2.61827
hi_rates_2022,ITUB4,10,-16.766241
hi_rates_2022,ITUB4,11,4.347399
hi_rates_2022,ITUB4,12,-7.448319
hi_rates_2022,ITUB4,13,-14.676346
hi_rates_2022,ITUB4,14,9.497699
hi_rates_2022,ITUB4,15,17.993713
hi_rates_2022,ITUB4,16,1.623591
hi_rates_2022,ITUB4,17,-22.473546
hi_rates_2022,ITUB4,18,3.554084
hi_rates_2022,ITUB4,19,17.191584
hi_rates_2022,ITUB4,20,10.800145
hi_rates_2022,ITUB4,21,10.71338
hi_rates_2022,ITUB4,22,2.428408
hi_rates_2022,ITUB4,23,19.957071
hi_rates_2022,ITUB4,24,7.8359
hi_rates_2022,ITUB4,25,11.123585
hi_rates_2022,ITUB4,26,2.280993
hi_rates_2022,ITUB4,27,29.284074
hi_rates_2022,ITUB4,28,0.106884
hi_rates_2022,ITUB4,29,8.7365
hi_rates_2022,ITUB4,30,13.308409
hi_rates_2022,ITUB4,31,47.22894
hi_rates_2022,ITUB4,32,6.535915
hi_rates_2022,ITUB4,33,-1.634773
hi_rates_2022,ITUB4,34,-5.34835
hi_rates_2022,ITUB4,35,18.753687
hi_rates_2022,ITUB4,36,63.436926
hi_rates_2022,ITUB4,37,-5.402228
hi_rates_2022,ITUB4,38,29.219565
hi_rates_2022,ITUB4,39,9.867659
hi_rates_2022,ITUB4,40,33.373852
hi_rates_2022,ITUB4,41,26.245507
hi_rates_2022,ITUB4,42,33.630533
hi_rates_2022,ITUB4,43,35.143267
hi_rates_2022,ITUB4,44,-10.002966
hi_rates_2022,ITUB4,45,-7.675388
hi_rates_2022,ITUB4,46,53.347188
hi_rates_2022,ITUB4,47,50.176606
hi_rates_2022,ITUB4,48,29.17281
hi_rates_2022,ITUB4,49,7.474227
hi_rates_2022,ITUB4,50,26.091891
hi_rates_2022,ITUB4,51,4.145991
hi_rates_2022,ITUB4,52,-12.34987
hi_rates_2022,ITUB4,53,-18.013959
hi_rates_2022,ITUB4,54,8.010179
hi_rates_2022,ITUB4,55,1.504405
hi_rates_2022,ITUB4,56,15.31156
hi_rates_2022,ITUB4,57,-4.163891
hi_rates_2022,ITUB4,58,11.08838
hi_rates_2022,ITUB4,59,20.153499
hi_rates_2022,ITUB4,60,15.963236
hi_rates_2022,ITUB4,61,-19.062094
hi_rates_2022,ITUB4,62,18.384702
hi_rates_2022,ITUB4,63,45.754819
hi_rates_2022,ITUB4,64,22.311856
hi_rates_2022,ITUB4,65,16.376416
hi_rates_2022,ITUB4,66,14.625963
hi_rates_2022,ITUB4,67,11.310489
hi_rates_2022,ITUB4,68,-4.867071
hi_rates_2022,ITUB4,69,15.288365
hi_rates_2022,ITUB4,70,2.887413
hi_rates_2022,ITUB4,71,-6.194529
hi_rates_2022,ITUB4,72,11.895287
hi_rates_2022,ITUB4,73,20.480504
hi_rates_2022,ITUB4,74,9.436198
hi_rates_2022,ITUB4,75,19.441404
hi_rates_2022,ITUB4,76,-4.745672
hi_rates_2022,ITUB4,77,10.973923
hi_rates_2022,ITUB4,78,0.587098
hi_rates_2022,ITUB4,79,-2.032755
hi_rates_2022,ITUB4,80,-3.801051
hi_rates_2022,ITUB4,81,2.501392
hi_rates_2022,ITUB4,82,-3.694435
hi_rates_2022,ITUB4,83,8.715155
hi_rates_2022,ITUB4,84,22.930507
hi_rates_2022,ITUB4,85,3.987781
hi_rates_2022,ITUB4,86,-13.107834
hi_rates_2022,ITUB4,87,16.051087
hi_rates_2022,ITUB4,88,-9.051052
hi_rates_2022,ITUB4,89,21.588734
hi_rates_2022,ITUB4,90,21.087642
hi_rates_2022,ITUB4,91,1.184915
hi_rates_2022,ITUB4,92,33.671098
hi_rates_2022,ITUB4,93,40.106774
hi_rates_2022,ITUB4,94,-4.553306
hi_rates_2022,ITUB4,95,12.785895
hi_rates_2022,ITUB4,96,0.409815
hi_rates_2022,ITUB4,97,37.536821
hi_rates_2022,ITUB4,98,-0.671226
hi_rates_2022,ITUB4,99,3.240025
bull_2019,BBDC4,0,2.729211
bull_2019,BBDC4,1,-11.776015
bull_2019,BBDC4,2,-3.497491
bull_2019,BBDC4,3,-1.537233
bull_2019,BBDC4,4,-0.676342
bull_2019,BBDC4,5,-11.417029
bull_2019,BBDC4,6,26.541744
bull_2019,BBDC4,7,-0.782633
bull_2019,BBDC4,8,27.857155
bull_2019,BBDC4,9,-19.189854
bull_2019,BBDC4,10,10.255126
bull_2019,BBDC4,11,20.505823
bull_2019,BBDC4,12,22.513309
bull_2019,BBDC4,13,-6.210145
bull_2019,BBDC4,14,-3.407176
bull_2019,BBDC4,15,15.844544
bull_2019,BBDC4,16,4.9392
bull_2019,BBDC4,17,-0.647124
bull_2019,BBDC4,18,-23.289936
bull_2019,BBDC4,19,-6.431724
bull_2019,BBDC4,20,-10.924926
bull_2019,BBDC4,21,16.610356
bull_2019,BBDC4,22,4.765026
bull_2019,BBDC4,23,10.709522
bull_2019,BBDC4,24,-10.203767
bull_2019,BBDC4,25,8.109993
bull_2019,BBDC4,26,44.926638
bull_2019,BBDC4,27,-3.890644
bull_2019,BBDC4,28,25.786518
bull_2019,BBDC4,29,13.931496
bull_2019,BBDC4,30,12.047754
bull_2019,BBDC4,31,15.846138
bull_2019,BBDC4,32,16.73974
bull_2019,BBDC4,33,14.63408
bull_2019,BBDC4,34,4.194915
bull_2019,BBDC4,35,-14.495731
bull_2019,BBDC4,36,26.048669
bull_2019,BBDC4,37,-13.56594
bull_2019,BBDC4,38,18.419119
bull_2019,BBDC4,39,32.673205
bull_2019,BBDC4,40,29.871912
bull_2019,BBDC4,41,13.448377
bull_2019,BBDC4,42,8.637255
bull_2019,BBDC4,43,2.824207
bull_2019,BBDC4,44,-1.706637
bull_2019,BBDC4,45,8.276017
bull_2019,BBDC4,46,6.674473
bull_2019,BBDC4,47,-5.135425
bull_2019,BBDC4,48,25.658626
bull_2019,BBDC4,49,50.272679
bull_2019,BBDC4,50,-1.733074
bull_2019,BBDC4,51,4.357989
bull_2019,BBDC4,52,7.065669
bull_2019,BBDC4,53,10.192755
bull_2019,BBDC4,54,1.473561
bull_2019,BBDC4,55,11.991845
bull_2019,BBDC4,56,15.26431
bull_2019,BBDC4,57,-3.055558
bull_2019,BBDC4,58,-5.340838
bull_2019,BBDC4,59,9.768162
bull_2019,BBDC4,60,25.412138
bull_2019,BBDC4,61,22.77298
bull_2019,BBDC4,62,5.345582
bull_2019,BBDC4,63,30.931677
bull_2019,BBDC4,64,52.949651
bull_2019,BBDC4,65,-9.228834
bull_2019,BBDC4,66,-9.643827
bull_2019,BBDC4,67,1.658819
bull_2019,BBDC4,68,14.746641
bull_2019,BBDC4,69,3.787058
bull_2019,BBDC4,70,3.597252
bull_2019,BBDC4,71,22.349567
bull_2019,BBDC4,72,-7.054915
bull_2019,BBDC4,73,8.891826
bull_2019,BBDC4,74,27.248949
bull_2019,BBDC4,75,-13.916874
bull_2019,BBDC4,76,-5.223162
bull_2019,BBDC4,77,31.304544
bull_2019,BBDC4,78,10.421515
bull_2019,BBDC4,79,6.142661
bull_2019,BBDC4,80,27.206623
bull_2019,BBDC4,81,8.94949
bull_2019,BBDC4,82,16.113432
bull_2019,BBDC4,83,-10.479421
bull_2019,BBDC4,84,7.609581
bull_2019,BBDC4,85,7.660199
bull_2019,BBDC4,86,-1.695217
bull_2019,BBDC4,87,15.048839
bull_2019,BBDC4,88,2.981213
bull_2019,BBDC4,89,1.441494
bull_2019,BBDC4,90,-2.155491
bull_2019,BBDC4,91,0.296708
bull_2019,BBDC4,92,0.241393
bull_2019,BBDC4,93,14.440531
bull_2019,BBDC4,94,-13.011506
bull_2019,BBDC4,95,13.983834
bull_2019,BBDC4,96,12.832799
bull_2019,BBDC4,97,14.671854
bull_2019,BBDC4,98,33.675042
bull_2019,BBDC4,99,42.148265
crisis_2020,BBDC4,0,-21.762424
crisis_2020,BBDC4,1,-13.414556
crisis_2020,BBDC4,2,16.564762
crisis_2020,BBDC4,3,-4.595258
crisis_2020,BBDC4,4,-30.516102
crisis_2020,BBDC4,5,-24.259433
crisis_2020,BBDC4,6,-18.040591
crisis_2020,BBDC4,7,-22.98809
crisis_2020,BBDC4,8,5.512071
crisis_2020,BBDC4,9,-12.543933
crisis_2020,BBDC4,10,-19.861997
crisis_2020,BBDC4,11,-38.315793
crisis_2020,BBDC4,12,-37.080013
crisis_2020,BBDC4,13,-27.18965
crisis_2020,BBDC4,14,-25.766572
crisis_2020,BBDC4,15,-20.547201
crisis_2020,BBDC4,16,-29.958792
crisis_2020,BBDC4,17,-34.642655
crisis_2020,BBDC4,18,-37.046489
crisis_2020,BBDC4,19,-37.801649
crisis_2020,BBDC4,20,-33.622448
crisis_2020,BBDC4,21,-36.25732
crisis_2020,BBDC4,22,-15.226571
crisis_2020,BBDC4,23,-49.141778
crisis_2020,BBDC4,24,-36.548808
crisis_2020,BBDC4,25,-12.643902
crisis_2020,BBDC4,26,-16.564896
crisis_2020,BBDC4,27,-14.787831
crisis_2020,BBDC4,28,-33.609889
crisis_2020,BBDC4,29,-14.472006
crisis_2020,BBDC4,30,-39.903685
crisis_2020,BBDC4,31,-38.733686
crisis_2020,BBDC4,32,-34.414668
crisis_2020,BBDC4,33,-10.367504
crisis_2020,BBDC4,34,-14.220478
crisis_2020,BBDC4,35,-14.046254
crisis_2020,BBDC4,36,-5.994266
crisis_2020,BBDC4,37,-37.231843
crisis_2020,BBDC4,38,-4.175605
crisis_2020,BBDC4,39,16.840364
crisis_2020,BBDC4,40,-26.480076
crisis_2020,BBDC4,41,-20.211357
crisis_2020,BBDC4,42,-33.69396
crisis_2020,BBDC4,43,-41.731025
crisis_2020,BBDC4,44,7.055429
crisis_2020,BBDC4,45,-8.03687
crisis_2020,BBDC4,46,-24.278696
crisis_2020,BBDC4,47,7.314614
crisis_2020,BBDC4,48,-24.686561
crisis_2020,BBDC4,49,-14.206469
crisis_2020,BBDC4,50,-35.344249
crisis_2020,BBDC4,51,-32.004791
crisis_2020,BBDC4,52,-9.029077
crisis_2020,BBDC4,53,-28.178973
crisis_2020,BBDC4,54,-32.265831
crisis_2020,BBDC4,55,-44.341034
crisis_2020,BBDC4,56,-33.625463
crisis_2020,BBDC4,57,-5.543271
crisis_2020,BBDC4,58,-20.137964
crisis_2020,BBDC4,59,-19.068981
crisis_2020,BBDC4,60,-15.906503
crisis_2020,BBDC4,61,8.972958
crisis_2020,BBDC4,62,-8.893425
crisis_2020,BBDC4,63,-18.205209
crisis_2020,BBDC4,64,-10.854095
crisis_2020,BBDC4,65,-25.570013
crisis_2020,BBDC4,66,-14.429671
crisis_2020,BBDC4,67,-23.858602
crisis_2020,BBDC4,68,-0.748907
crisis_2020,BBDC4,69,-31.927087
crisis_2020,BBDC4,70,-9.830189
crisis_2020,BBDC4,71,-31.053617
crisis_2020,BBDC4,72,-4.234848
crisis_2020,BBDC4,73,11.666028
crisis_2020,BBDC4,74,-41.358532
crisis_2020,BBDC4,75,-30.658924
crisis_2020,BBDC4,76,-14.962997
crisis_2020,BBDC4,77,-28.460744
crisis_2020,BBDC4,78,-3.068207
crisis_2020,BBDC4,79,43.411389
crisis_2020,BBDC4,80,-24.25687
crisis_2020,BBDC4,81,-33.423315
crisis_2020,BBDC4,82,-31.795234
crisis_2020,BBDC4,83,26.267331
crisis_2020,BBDC4,84,-28.299385
crisis_2020,BBDC4,85,-14.221584
crisis_2020,BBDC4,86,-16.286103
crisis_2020,BBDC4,87,-33.939623
crisis_2020,BBDC4,88,-12.731035
crisis_2020,BBDC4,89,-20.602431
crisis_2020,BBDC4,90,-17.930305
crisis_2020,BBDC4,91,-3.3703
crisis_2020,BBDC4,92,-35.113371
crisis_2020,BBDC4,93,-35.061552
crisis_2020,BBDC4,94,8.81786
crisis_2020,BBDC4,95,-1.907924
crisis_2020,BBDC4,96,-11.557344
crisis_2020,BBDC4,97,-14.112087
crisis_2020,BBDC4,98,-25.235732
crisis_2020,BBDC4,99,-16.524789
recovery_2021,BBDC4,0,7.426832
recovery_2021,BBDC4,1,4.899864
recovery_2021,BBDC4,2,-2.064651
recovery_2021,BBDC4,3,-3.711089
recovery_2021,BBDC4,4,3.190096
recovery_2021,BBDC4,5,-3.108459
recovery_2021,BBDC4,6,5.951191
recovery_2021,BBDC4,7,-15.221247
recovery_2021,BBDC4,8,-2.536881
recovery_2021,BBDC4,9,10.041967
recovery_2021,BBDC4,10,-6.351255
recovery_2021,BBDC4,11,1.454542
recovery_2021,BBDC4,12,11.898779
recovery_2021,BBDC4,13,-3.559593
recovery_2021,BBDC4,14,0.337751
recovery_2021,BBDC4,15,3.15674
recovery_2021,BBDC4,16,-16.75415
recovery_2021,BBDC4,17,2.524766
recovery_2021,BBDC4,18,-0.393361
recovery_2021,BBDC4,19,-11.660923
recovery_2021,BBDC4,20,-2.245639
recovery_2021,BBDC4,21,-5.939422
recovery_2021,BBDC4,22,-3.382047
recovery_2021,BBDC4,23,13.28464
recovery_2021,BBDC4,24,0.50386
recovery_2021,BBDC4,25,40.429772
recovery_2021,BBDC4,26,-11.167808
recovery_2021,BBDC4,27,16.617953
recovery_2021,BBDC4,28,15.168819
recovery_2021,BBDC4,29,3.519599
recovery_2021,BBDC4,30,-9.976789
recovery_2021,BBDC4,31,6.731849
recovery_2021,BBDC4,32,8.14918
recovery_2021,BBDC4,33,9.66129
recovery_2021,BBDC4,34,-1.532541
recovery_2021,BBDC4,35,24.48335
recovery_2021,BBDC4,36,16.35799
recovery_2021,BBDC4,37,11.039998
recovery_2021,BBDC4,38,-2.599344
recovery_2021,BBDC4,39,2.284685
recovery_2021,BBDC4,40,-5.210052
recovery_2021,BBDC4,41,15.967705
recovery_2021,BBDC4,42,-20.431219
recovery_2021,BBDC4,43,0.824975
recovery_2021,BBDC4,44,-2.100978
recovery_2021,BBDC4,45,-4.007488
recovery_2021,BBDC4,46,18.76937
recovery_2021,BBDC4,47,18.00042
recovery_2021,BBDC4,48,-9.114432
recovery_2021,BBDC4,49,13.222941
recovery_2021,BBDC4,50,-5.613141
recovery_2021,BBDC4,51,27.051581
recovery_2021,BBDC4,52,26.664735
recovery_2021,BBDC4,53,21.560666
recovery_2021,BBDC4,54,6.353554
recovery_2021,BBDC4,55,10.541433
recovery_2021,BBDC4,56,11.172134
recovery_2021,BBDC4,57,-3.821075
recovery_2021,BBDC4,58,15.321872
recovery_2021,BBDC4,59,-4.351906
recovery_2021,BBDC4,60,6.177836
recovery_2021,BBDC4,61,5.458073
recovery_2021,BBDC4,62,-4.335165
recovery_2021,BBDC4,63,-7.308488
recovery_2021,BBDC4,64,5.745511
recovery_2021,BBDC4,65,-0.05703
recovery_2021,BBDC4,66,-15.271658
recovery_2021,BBDC4,67,1.402382
recovery_2021,BBDC4,68,2.890918
recovery_2021,BBDC4,69,9.805445
recovery_2021,BBDC4,70,16.007124
recovery_2021,BBDC4,71,9.149314
recovery_2021,BBDC4,72,13.490458
recovery_2021,BBDC4,73,11.757306
recovery_2021,BBDC4,74,32.070634
recovery_2021,BBDC4,75,4.354235
recovery_2021,BBDC4,76,24.080793
recovery_2021,BBDC4,77,1.91212
recovery_2021,BBDC4,78,4.432852
recovery_2021,BBDC4,79,8.363828
recovery_2021,BBDC4,80,7.655108
recovery_2021,BBDC4,81,21.520456
recovery_2021,BBDC4,82,-1.459073
recovery_2021,BBDC4,83,0.370209
recovery_2021,BBDC4,84,-4.577552
recovery_2021,BBDC4,85,-10.806119
recovery_2021,BBDC4,86,6.166231
recovery_2021,BBDC4,87,-7.207809
recovery_2021,BBDC4,88,3.410025
recovery_2021,BBDC4,89,28.204626
recovery_2021,BBDC4,90,20.783568
recovery_2021,BBDC4,91,45.464062
recovery_2021,BBDC4,92,9.516011
recovery_2021,BBDC4,93,16.319296
recovery_2021,BBDC4,94,26.79422
recovery_2021,BBDC4,95,-4.374584
recovery_2021,BBDC4,96,9.546879
recovery_2021,BBDC4,97,-8.798367
recovery_2021,BBDC4,98,-11.218375
recovery_2021,BBDC4,99,4.367698
hi_rates_2022,BBDC4,0,-1.083844
hi_rates_2022,BBDC4,1,-25.907507
hi_rates_2022,BBDC4,2,-18.39643
hi_rates_2022,BBDC4,3,-12.310921
hi_rates_2022,BBDC4,4,12.672839
hi_rates_2022,BBDC4,5,2.485779
hi_rates_2022,BBDC4,6,-29.806143
hi_rates_2022,BBDC4,7,-19.693609
hi_rates_2022,BBDC4,8,-17.893819
hi_rates_2022,BBDC4,9,-20.146346
hi_rates_2022,BBDC4,10,-30.417111
hi_rates_2022,BBDC4,11,-15.428872
hi_rates_2022,BBDC4,12,-20.408491
hi_rates_2022,BBDC4,13,-22.507655
hi_rates_2022,BBDC4,14,5.094756
hi_rates_2022,BBDC4,15,19.686012
hi_rates_2022,BBDC4,16,-26.655123
hi_rates_2022,BBDC4,17,-30.349847
hi_rates_2022,BBDC4,18,-23.434793
hi_rates_2022,BBDC4,19,0.303316
hi_rates_2022,BBDC4,20,-6.655922
hi_rates_2022,BBDC4,21,-12.22707
hi_rates_2022,BBDC4,22,-14.089687
hi_rates_2022,BBDC4,23,6.276967
hi_rates_2022,BBDC4,24,-10.172236
hi_rates_2022,BBDC4,25,-8.429706
hi_rates_2022,BBDC4,26,-27.191037
hi_rates_2022,BBDC4,27,-3.691871
hi_rates_2022,BBDC4,28,-24.251293
hi_rates_2022,BBDC4,29,-21.925058
hi_rates_2022,BBDC4,30,-8.460027
hi_rates_2022,BBDC4,31,20.096046
hi_rates_2022,BBDC4,32,4.043106
hi_rates_2022,BBDC4,33,-18.642954
hi_rates_2022,BBDC4,34,-16.136659
hi_rates_2022,BBDC4,35,13.177541
hi_rates_2022,BBDC4,36,63.414244
hi_rates_2022,BBDC4,37,-27.587444
hi_rates_2022,BBDC4,38,-9.733803
hi_rates_2022,BBDC4,39,-18.33652
hi_rates_2022,BBDC4,40,13.387784
hi_rates_2022,BBDC4,41,18.79855
hi_rates_2022,BBDC4,42,7.489063
hi_rates_2022,BBDC4,43,-10.22436
hi_rates_2022,BBDC4,44,-27.291703
hi_rates_2022,BBDC4,45,-14.544428
hi_rates_2022,BBDC4,46,29.750891
hi_rates_2022,BBDC4,47,32.280837
hi_rates_2022,BBDC4,48,-3.916906
hi_rates_2022,BBDC4,49,-30.076594
hi_rates_2022,BBDC4,50,-3.90118
hi_rates_2022,BBDC4,51,-19.571213
hi_rates_2022,BBDC4,52,-8.001584
hi_rates_2022,BBDC4,53,-45.195411
hi_rates_2022,BBDC4,54,2.699109
hi_rates_2022,BBDC4,55,-27.581714
hi_rates_2022,BBDC4,56,7.136693
hi_rates_2022,BBDC4,57,-31.705422
hi_rates_2022,BBDC4,58,-12.818261
hi_rates_2022,BBDC4,59,-13.336082
hi_rates_2022,BBDC4,60,-13.485169
hi_rates_2022,BBDC4,61,-32.733748
hi_rates_2022,BBDC4,62,-11.489757
hi_rates_2022,BBDC4,63,11.248047
hi_rates_2022,BBDC4,64,17.060868
hi_rates_2022,BBDC4,65,-1.658797
hi_rates_2022,BBDC4,66,6.51201
hi_rates_2022,BBDC4,67,6.349181
hi_rates_2022,BBDC4,68,-10.222271
hi_rates_2022,BBDC4,69,8.38028
hi_rates_2022,BBDC4,70,-23.829714
hi_rates_2022,BBDC4,71,-5.077886
hi_rates_2022,BBDC4,72,-6.670652
hi_rates_2022,BBDC4,73,5.040944
hi_rates_2022,BBDC4,74,-6.633105
hi_rates_2022,BBDC4,75,1.632484
hi_rates_2022,BBDC4,76,-0.553025
hi_rates_2022,BBDC4,77,-9.054289
hi_rates_2022,BBDC4,78,2.964799
hi_rates_2022,BBDC4,79,-2.766199
hi_rates_2022,BBDC4,80,-22.430993
hi_rates_2022,BBDC4,81,1.016304
hi_rates_2022,BBDC4,82,-27.676101
hi_rates_2022,BBDC4,83,0.340271
hi_rates_2022,BBDC4,84,7.519687
hi_rates_2022,BBDC4,85,-8.199545
hi_rates_2022,BBDC4,86,-25.89606
hi_rates_2022,BBDC4,87,-13.635328
hi_rates_2022,BBDC4,88,-21.621286
hi_rates_2022,BBDC4,89,6.963761
hi_rates_2022,BBDC4,90,-3.985074
hi_rates_2022,BBDC4,91,-12.833257
hi_rates_2022,BBDC4,92,23.567576
hi_rates_2022,BBDC4,93,20.722963
hi_rates_2022,BBDC4,94,-25.059843
hi_rates_2022,BBDC4,95,2.013905
hi_rates_2022,BBDC4,96,-16.924714
hi_rates_2022,BBDC4,97,15.394747
hi_rates_2022,BBDC4,98,-11.295657
hi_rates_2022,BBDC4,99,-27.094781
bull_2019,^BVSP,0,6.273905
bull_2019,^BVSP,1,0.327759
bull_2019,^BVSP,2,18.835519
bull_2019,^BVSP,3,3.770876
bull_2019,^BVSP,4,2.35016
bull_2019,^BVSP,5,-10.408931
bull_2019,^BVSP,6,25.605503
bull_2019,^BVSP,7,9.293899
bull_2019,^BVSP,8,32.665541
bull_2019,^BVSP,9,6.881938
bull_2019,^BVSP,10,12.974463
bull_2019,^BVSP,11,20.620642
bull_2019,^BVSP,12,24.93117
bull_2019,^BVSP,13,3.920474
bull_2019,^BVSP,14,11.12772
bull_2019,^BVSP,15,15.601955
bull_2019,^BVSP,16,16.611616
bull_2019,^BVSP,17,4.292111
bull_2019,^BVSP,18,1.459149
bull_2019,^BVSP,19,-1.60968
bull_2019,^BVSP,20,2.118434
bull_2019,^BVSP,21,26.026789
bull_2019,^BVSP,22,16.097869
bull_2019,^BVSP,23,13.163028
bull_2019,^BVSP,24,5.773804
bull_2019,^BVSP,25,14.846785
bull_2019,^BVSP,26,35.528462
bull_2019,^BVSP,27,2.535523
bull_2019,^BVSP,28,20.872072
bull_2019,^BVSP,29,21.360987
bull_2019,^BVSP,30,8.966568
bull_2019,^BVSP,31,12.728274
bull_2019,^BVSP,32,17.527428
bull_2019,^BVSP,33,20.006317
bull_2019,^BVSP,34,9.868239
bull_2019,^BVSP,35,-3.834624
bull_2019,^BVSP,36,20.904739
bull_2019,^BVSP,37,0.553012
bull_2019,^BVSP,38,26.316152
bull_2019,^BVSP,39,9.570257
bull_2019,^BVSP,40,22.163296
bull_2019,^BVSP,41,15.623729
bull_2019,^BVSP,42,9.988138
bull_2019,^BVSP,43,9.283069
bull_2019,^BVSP,44,8.37504
bull_2019,^BVSP,45,10.418748
bull_2019,^BVSP,46,10.642075
bull_2019,^BVSP,47,18.486365
bull_2019,^BVSP,48,23.743144
bull_2019,^BVSP,49,43.11516
bull_2019,^BVSP,50,1.387209
bull_2019,^BVSP,51,6.165979
bull_2019,^BVSP,52,10.636081
bull_2019,^BVSP,53,17.286225
bull_2019,^BVSP,54,8.833604
bull_2019,^BVSP,55,25.581404
bull_2019,^BVSP,56,28.871916
bull_2019,^BVSP,57,-1.697624
bull_2019,^BVSP,58,7.413479
bull_2019,^BVSP,59,12.241508
bull_2019,^BVSP,60,29.44307
bull_2019,^BVSP,61,16.869563
bull_2019,^BVSP,62,21.111574
bull_2019,^BVSP,63,26.496658
bull_2019,^BVSP,64,33.202557
bull_2019,^BVSP,65,10.654275
bull_2019,^BVSP,66,1.857116
bull_2019,^BVSP,67,6.377635
bull_2019,^BVSP,68,17.636979
bull_2019,^BVSP,69,18.394084
bull_2019,^BVSP,70,14.24949
bull_2019,^BVSP,71,22.69232
bull_2019,^BVSP,72,8.562697
bull_2019,^BVSP,73,4.687323
bull_2019,^BVSP,74,25.910925
bull_2019,^BVSP,75,8.577659
bull_2019,^BVSP,76,-4.519962
bull_2019,^BVSP,77,26.971435
bull_2019,^BVSP,78,21.480085
bull_2019,^BVSP,79,25.594013
bull_2019,^BVSP,80,31.404141
bull_2019,^BVSP,81,4.603823
bull_2019,^BVSP,82,24.578569
bull_2019,^BVSP,83,10.648814
bull_2019,^BVSP,84,2.944177
bull_2019,^BVSP,85,7.841297
bull_2019,^BVSP,86,12.014098
bull_2019,^BVSP,87,21.563009
bull_2019,^BVSP,88,9.771291
bull_2019,^BVSP,89,13.463484
bull_2019,^BVSP,90,10.438503
bull_2019,^BVSP,91,4.361963
bull_2019,^BVSP,92,4.277232
bull_2019,^BVSP,93,17.199326
bull_2019,^BVSP,94,10.56847
bull_2019,^BVSP,95,14.058341
bull_2019,^BVSP,96,16.171471
bull_2019,^BVSP,97,8.689237
bull_2019,^BVSP,98,27.371954
bull_2019,^BVSP,99,23.097468
crisis_2020,^BVSP,0,-23.603258
crisis_2020,^BVSP,1,-6.232857
crisis_2020,^BVSP,2,8.546863
crisis_2020,^BVSP,3,-8.347199
crisis_2020,^BVSP,4,-27.527499
crisis_2020,^BVSP,5,-20.085189
crisis_2020,^BVSP,6,-8.874925
crisis_2020,^BVSP,7,-13.761528
crisis_2020,^BVSP,8,13.919379
crisis_2020,^BVSP,9,0.361715
crisis_2020,^BVSP,10,-4.625617
crisis_2020,^BVSP,11,-17.507671
crisis_2020,^BVSP,12,-26.282476
crisis_2020,^BVSP,13,-20.765552
crisis_2020,^BVSP,14,-2.858312
crisis_2020,^BVSP,15,-7.4998
crisis_2020,^BVSP,16,-27.593646
crisis_2020,^BVSP,17,-16.751208
crisis_2020,^BVSP,18,-22.419717
crisis_2020,^BVSP,19,-31.72458
crisis_2020,^BVSP,20,-22.332217
crisis_2020,^BVSP,21,-28.602215
crisis_2020,^BVSP,22,-1.591725
crisis_2020,^BVSP,23,-41.905445
crisis_2020,^BVSP,24,-24.136973
crisis_2020,^BVSP,25,-4.0099
crisis_2020,^BVSP,26,-21.826872
crisis_2020,^BVSP,27,-13.979358
crisis_2020,^BVSP,28,-23.909319
crisis_2020,^BVSP,29,-12.859789
crisis_2020,^BVSP,30,-33.956607
crisis_2020,^BVSP,31,-30.574794
crisis_2020,^BVSP,32,-25.469767
crisis_2020,^BVSP,33,-8.904315
crisis_2020,^BVSP,34,-11.795202
crisis_2020,^BVSP,35,-9.591388
crisis_2020,^BVSP,36,-3.788102
crisis_2020,^BVSP,37,-22.532467
crisis_2020,^BVSP,38,6.937226
crisis_2020,^BVSP,39,15.357212
crisis_2020,^BVSP,40,-21.930733
crisis_2020,^BVSP,41,-17.515731
crisis_2020,^BVSP,42,-33.612265
crisis_2020,^BVSP,43,-37.673194
crisis_2020,^BVSP,44,15.491701
crisis_2020,^BVSP,45,-3.177413
crisis_2020,^BVSP,46,-7.236523
crisis_2020,^BVSP,47,-2.309407
crisis_2020,^BVSP,48,-26.328988
crisis_2020,^BVSP,49,-16.329697
crisis_2020,^BVSP,50,-29.218097
crisis_2020,^BVSP,51,-27.635644
crisis_2020,^BVSP,52,-9.971189
crisis_2020,^BVSP,53,-28.14169
crisis_2020,^BVSP,54,-25.378305
crisis_2020,^BVSP,55,-28.542896
crisis_2020,^BVSP,56,-19.742641
crisis_2020,^BVSP,57,-15.252341
crisis_2020,^BVSP,58,8.054545
crisis_2020,^BVSP,59,-7.330377
crisis_2020,^BVSP,60,-7.942814
crisis_2020,^BVSP,61,10.836199
crisis_2020,^BVSP,62,-8.72653
crisis_2020,^BVSP,63,-16.0666
crisis_2020,^BVSP,64,-17.803095
crisis_2020,^BVSP,65,-15.147249
crisis_2020,^BVSP,66,-19.069433
crisis_2020,^BVSP,67,-10.332702
crisis_2020,^BVSP,68,10.811671
crisis_2020,^BVSP,69,-23.371539
crisis_2020,^BVSP,70,-1.621462
crisis_2020,^BVSP,71,-20.777913
crisis_2020,^BVSP,72,0.306048
crisis_2020,^BVSP,73,18.160448
crisis_2020,^BVSP,74,-33.971533
crisis_2020,^BVSP,75,-20.669742
crisis_2020,^BVSP,76,-1.644035
crisis_2020,^BVSP,77,-38.283035
crisis_2020,^BVSP,78,-6.487815
crisis_2020,^BVSP,79,42.910257
crisis_2020,^BVSP,80,-30.82479
crisis_2020,^BVSP,81,-25.55026
crisis_2020,^BVSP,82,-25.155583
crisis_2020,^BVSP,83,31.613589
crisis_2020,^BVSP,84,-12.908629
crisis_2020,^BVSP,85,-4.227299
crisis_2020,^BVSP,86,-9.103911
crisis_2020,^BVSP,87,-30.49224
crisis_2020,^BVSP,88,-5.002188
crisis_2020,^BVSP,89,-14.757911
crisis_2020,^BVSP,90,-9.658099
crisis_2020,^BVSP,91,-12.423475
crisis_2020,^BVSP,92,-34.750752
crisis_2020,^BVSP,93,-30.691648
crisis_2020,^BVSP,94,22.35854
crisis_2020,^BVSP,95,-7.6982
crisis_2020,^BVSP,96,-11.51412
crisis_2020,^BVSP,97,-4.624896
crisis_2020,^BVSP,98,-11.448918
crisis_2020,^BVSP,99,-4.482343
recovery_2021,^BVSP,0,6.536614
recovery_2021,^BVSP,1,1.816482
recovery_2021,^BVSP,2,3.133472
recovery_2021,^BVSP,3,-0.262345
recovery_2021,^BVSP,4,5.540657
recovery_2021,^BVSP,5,-7.687899
recovery_2021,^BVSP,6,3.02207
recovery_2021,^BVSP,7,-9.579268
recovery_2021,^BVSP,8,6.280891
recovery_2021,^BVSP,9,0.149481
recovery_2021,^BVSP,10,6.089486
recovery_2021,^BVSP,11,-0.68213
recovery_2021,^BVSP,12,3.925665
recovery_2021,^BVSP,13,-5.746708
recovery_2021,^BVSP,14,9.167758
recovery_2021,^BVSP,15,8.403531
recovery_2021,^BVSP,16,-4.666908
recovery_2021,^BVSP,17,0.067885
recovery_2021,^BVSP,18,-4.609193
recovery_2021,^BVSP,19,2.809311
recovery_2021,^BVSP,20,-3.889533
recovery_2021,^BVSP,21,0.050937
recovery_2021,^BVSP,22,4.851923
recovery_2021,^BVSP,23,14.590598
recovery_2021,^BVSP,24,-1.455827
recovery_2021,^BVSP,25,10.807668
recovery_2021,^BVSP,26,9.749294
recovery_2021,^BVSP,27,6.648476
recovery_2021,^BVSP,28,-1.258525
recovery_2021,^BVSP,29,4.286618
recovery_2021,^BVSP,30,-8.507501
recovery_2021,^BVSP,31,10.702211
recovery_2021,^BVSP,32,4.177538
recovery_2021,^BVSP,33,4.565028
recovery_2021,^BVSP,34,6.962469
recovery_2021,^BVSP,35,11.594297
recovery_2021,^BVSP,36,10.587008
recovery_2021,^BVSP,37,8.99971
recovery_2021,^BVSP,38,-5.078209
recovery_2021,^BVSP,39,10.362999
recovery_2021,^BVSP,40,4.019299
recovery_2021,^BVSP,41,16.631405
recovery_2021,^BVSP,42,-5.858061
recovery_2021,^BVSP,43,4.779459
recovery_2021,^BVSP,44,2.607665
recovery_2021,^BVSP,45,0.671628
recovery_2021,^BVSP,46,21.143437
recovery_2021,^BVSP,47,6.453902
recovery_2021,^BVSP,48,-4.763124
recovery_2021,^BVSP,49,5.420901
recovery_2021,^BVSP,50,-1.438114
recovery_2021,^BVSP,51,12.49328
recovery_2021,^BVSP,52,17.258931
recovery_2021,^BVSP,53,9.729073
recovery_2021,^BVSP,54,5.784666
recovery_2021,^BVSP,55,5.027836
recovery_2021,^BVSP,56,8.875369
recovery_2021,^BVSP,57,-5.49417
recovery_2021,^BVSP,58,8.782104
recovery_2021,^BVSP,59,-3.98082
recovery_2021,^BVSP,60,8.90243
recovery_2021,^BVSP,61,14.2155
recovery_2021,^BVSP,62,-2.594714
recovery_2021,^BVSP,63,-9.54117
recovery_2021,^BVSP,64,14.182281
recovery_2021,^BVSP,65,-1.552915
recovery_2021,^BVSP,66,-1.188478
recovery_2021,^BVSP,67,6.266735
recovery_2021,^BVSP,68,-2.848271
recovery_2021,^BVSP,69,6.355585
recovery_2021,^BVSP,70,17.426012
recovery_2021,^BVSP,71,8.507429
recovery_2021,^BVSP,72,11.072763
recovery_2021,^BVSP,73,9.182348
recovery_2021,^BVSP,74,10.814761
recovery_2021,^BVSP,75,-2.423573
recovery_2021,^BVSP,76,8.943833
recovery_2021,^BVSP,77,8.859037
recovery_2021,^BVSP,78,1.502994
recovery_2021,^BVSP,79,8.623336
recovery_2021,^BVSP,80,7.019201
recovery_2021,^BVSP,81,5.987734
recovery_2021,^BVSP,82,0.673579
recovery_2021,^BVSP,83,5.006409
recovery_2021,^BVSP,84,-4.81386
recovery_2021,^BVSP,85,-0.282529
recovery_2021,^BVSP,86,4.44446
recovery_2021,^BVSP,87,3.737301
recovery_2021,^BVSP,88,-2.759995
recovery_2021,^BVSP,89,5.752472
recovery_2021,^BVSP,90,5.57833
recovery_2021,^BVSP,91,24.828598
recovery_2021,^BVSP,92,2.56306
recovery_2021,^BVSP,93,2.451142
recovery_2021,^BVSP,94,8.294239
recovery_2021,^BVSP,95,-2.523771
recovery_2021,^BVSP,96,10.119631
recovery_2021,^BVSP,97,3.229336
recovery_2021,^BVSP,98,-3.863735
recovery_2021,^BVSP,99,15.353673
hi_rates_2022,^BVSP,0,4.071314
hi_rates_2022,^BVSP,1,-4.892291
hi_rates_2022,^BVSP,2,7.479045
hi_rates_2022,^BVSP,3,6.085545
hi_rates_2022,^BVSP,4,14.698082
hi_rates_2022,^BVSP,5,-2.601676
hi_rates_2022,^BVSP,6,-17.620058
hi_rates_2022,^BVSP,7,-5.644458
hi_rates_2022,^BVSP,8,-4.269988
hi_rates_2022,^BVSP,9,-13.143029
hi_rates_2022,^BVSP,10,-12.936808
hi_rates_2022,^BVSP,11,-2.036742
hi_rates_2022,^BVSP,12,-13.113073
hi_rates_2022,^BVSP,13,0.581177
hi_rates_2022,^BVSP,14,19.693111
hi_rates_2022,^BVSP,15,5.419287
hi_rates_2022,^BVSP,16,-6.504519
hi_rates_2022,^BVSP,17,-14.678993
hi_rates_2022,^BVSP,18,1.906992
hi_rates_2022,^BVSP,19,19.289028
hi_rates_2022,^BVSP,20,16.738919
hi_rates_2022,^BVSP,21,3.501794
hi_rates_2022,^BVSP,22,1.982302
hi_rates_2022,^BVSP,23,17.809717
hi_rates_2022,^BVSP,24,6.873837
hi_rates_2022,^BVSP,25,2.211356
hi_rates_2022,^BVSP,26,-5.259862
hi_rates_2022,^BVSP,27,8.149604
hi_rates_2022,^BVSP,28,-5.675567
hi_rates_2022,^BVSP,29,8.13781
hi_rates_2022,^BVSP,30,23.439087
hi_rates_2022,^BVSP,31,32.9486
hi_rates_2022,^BVSP,32,-8.569372
hi_rates_2022,^BVSP,33,4.622371
hi_rates_2022,^BVSP,34,-5.04628
hi_rates_2022,^BVSP,35,5.444933
hi_rates_2022,^BVSP,36,18.219393
hi_rates_2022,^BVSP,37,-13.246638
hi_rates_2022,^BVSP,38,15.6048
hi_rates_2022,^BVSP,39,-12.714663
hi_rates_2022,^BVSP,40,-1.734347
hi_rates_2022,^BVSP,41,11.921863
hi_rates_2022,^BVSP,42,4.328498
hi_rates_2022,^BVSP,43,-0.163759
hi_rates_2022,^BVSP,44,-12.066258
hi_rates_2022,^BVSP,45,-3.144246
hi_rates_2022,^BVSP,46,9.723545
hi_rates_2022,^BVSP,47,13.99873
hi_rates_2022,^BVSP,48,3.394469
hi_rates_2022,^BVSP,49,-0.302194
hi_rates_2022,^BVSP,50,16.961007
hi_rates_2022,^BVSP,51,-3.01954
hi_rates_2022,^BVSP,52,-5.978309
hi_rates_2022,^BVSP,53,-24.840891
hi_rates_2022,^BVSP,54,-3.895342
hi_rates_2022,^BVSP,55,-13.160363
hi_rates_2022,^BVSP,56,-5.325979
hi_rates_2022,^BVSP,57,-8.189929
hi_rates_2022,^BVSP,58,7.492723
hi_rates_2022,^BVSP,59,-6.378699
hi_rates_2022,^BVSP,60,1.56791
hi_rates_2022,^BVSP,61,-15.151651
hi_rates_2022,^BVSP,62,19.936533
hi_rates_2022,^BVSP,63,21.677007
hi_rates_2022,^BVSP,64,11.171485
hi_rates_2022,^BVSP,65,-0.068356
hi_rates_2022,^BVSP,66,0.693655
hi_rates_2022,^BVSP,67,11.974872
hi_rates_2022,^BVSP,68,-11.375317
hi_rates_2022,^BVSP,69,0.249759
hi_rates_2022,^BVSP,70,-7.993739
hi_rates_2022,^BVSP,71,7.319692
hi_rates_2022,^BVSP,72,-2.34373
hi_rates_2022,^BVSP,73,5.383192
hi_rates_2022,^BVSP,74,-8.416683
hi_rates_2022,^BVSP,75,21.130496
hi_rates_2022,^BVSP,76,2.644934
hi_rates_2022,^BVSP,77,-10.296684
hi_rates_2022,^BVSP,78,-5.594602
hi_rates_2022,^BVSP,79,-3.101285
hi_rates_2022,^BVSP,80,3.979801
hi_rates_2022,^BVSP,81,7.619851
hi_rates_2022,^BVSP,82,-8.717104
hi_rates_2022,^BVSP,83,9.968221
hi_rates_2022,^BVSP,84,30.376337
hi_rates_2022,^BVSP,85,1.787795
hi_rates_2022,^BVSP,86,-11.814215
hi_rates_2022,^BVSP,87,-1.151513
hi_rates_2022,^BVSP,88,-4.547453
hi_rates_2022,^BVSP,89,3.558368
hi_rates_2022,^BVSP,90,-4.810712
hi_rates_2022,^BVSP,91,-7.143405
hi_rates_2022,^BVSP,92,22.09605
hi_rates_2022,^BVSP,93,19.654528
hi_rates_2022,^BVSP,94,-11.60477
hi_rates_2022,^BVSP,95,-9.996527
hi_rates_2022,^BVSP,96,-11.597821
hi_rates_2022,^BVSP,97,11.587306
hi_rates_2022,^BVSP,98,3.895896
hi_rates_2022,^BVSP,99,-2.742117
